income_type,Neighborhood,1970,1980,1990,2000,2012,2013,2014,2015,2016,2017
Median household income,Rogers Park,"$50,139","$43,962","$45,802","$46,673","$41,994","$41,589","$39,256","$38,469","$38,321","$39,009"
Median household income,West Ridge,"$72,067","$64,765","$60,185","$60,766","$48,575","$49,550","$49,816","$47,753","$49,820","$49,840"
Median household income,Uptown,"$35,381","$34,066","$37,771","$47,746","$46,517","$46,873","$45,958","$47,392","$46,737","$49,654"
Median household income,Lincoln Square,"$54,625","$49,850","$50,481","$60,403","$64,402","$64,321","$64,503","$64,794","$67,259","$71,186"
Median household income,North Center,"$51,772","$49,587","$55,458","$76,442","$91,427","$91,051","$93,810","$94,655","$99,509","$103,582"
Median household income,Lake View,"$46,590","$50,242","$61,073","$79,578","$77,073","$77,156","$78,691","$79,322","$82,923","$84,449"
Median household income,Lincoln Park,"$43,867","$57,300","$78,596","$101,336","$92,765","$90,627","$91,124","$96,391","$96,789","$99,600"
Median household income,Near North Side,"$48,341","$58,813","$74,128","$85,383","$85,329","$84,762","$85,383","$86,543","$89,187","$92,399"
Median household income,EdisonPark,"$71,948","$73,988","$78,637","$84,307","$87,236","$83,371","$82,445","$87,528","$90,322","$98,745"
Median household income,Norwood Park,"$75,830","$75,110","$75,241","$78,871","$73,404","$72,017","$73,338","$73,387","$72,556","$73,812"
Median household income,Jefferson Park,"$66,525","$65,937","$67,915","$73,314","$63,527","$63,720","$64,446","$62,674","$66,931","$70,888"
Median household income,Forest Glen,"$91,532","$89,187","$98,159","$100,828","$95,833","$96,014","$97,426","$105,076","$109,532","$108,975"
Median household income,North Park,"$73,384","$69,002","$67,054","$72,677","$57,643","$61,838","$54,327","$53,545","$55,345","$55,681"
Median household income,Albany Park,"$55,444","$52,237","$52,284","$60,127","$51,150","$52,881","$54,726","$53,673","$56,511","$57,856"
Median household income,Portage Park,"$61,943","$59,232","$61,722","$66,634","$57,283","$56,170","$56,915","$58,797","$59,494","$61,129"
Median household income,Irving Park,"$55,967","$52,551","$55,218","$62,085","$54,643","$50,633","$50,665","$53,673","$56,890","$59,455"
Median household income,Dunning,"$67,735","$66,339","$68,072","$72,911","$65,519","$63,673","$63,329","$61,956","$62,834","$65,189"
Median household income,Montclare,"$63,438","$62,327","$63,489","$68,878","$45,925","$45,993","$43,005","$44,391","$49,647","$47,944"
Median household income,Belmont Cragin,"$58,572","$57,726","$57,295","$63,743","$45,186","$44,734","$44,789","$45,072","$45,905","$47,159"
Median household income,Hermosa,"$55,640","$51,893","$51,233","$56,358","$44,040","$40,477","$38,787","$40,538","$40,191","$39,536"
Median household income,Avondale,"$52,430","$48,395","$51,200","$54,169","$49,537","$47,201","$46,124","$46,319","$48,767","$51,478"
Median household income,Logan Square,"$49,077","$41,237","$43,277","$53,531","$56,421","$56,691","$58,309","$62,171","$65,353","$70,491"
Median household income,Humboldt Park,"$49,291","$38,648","$38,398","$42,429","$31,869","$32,223","$33,567","$33,097","$35,648","$35,841"
Median household income,West Town,"$39,470","$34,686","$36,861","$57,474","$72,417","$71,850","$72,698","$77,738","$81,187","$86,416"
,,,,,,,,,,,
25. Austin,,,,,,,,,,,
Total,,"  42,916 ","  41,350 ","  33,862 ","  35,195 ","  32,428 ","  32,059 ","  32,277 ","  32,037 ","  32,379 ","31,766"
"Less than $10,000",,,,"  8,311 ","  6,432 ","  4,946 ","  4,869 ","  5,048 ","  4,904 ","  4,903 ","4,514"
"$10,000 to $14,999",,,,"  2,736 ","  2,371 ","  2,757 ","  2,738 ","  2,907 ","  2,783 ","  2,870 ","2,959"
"$15,000 to $19,999",,,,"  3,027 ","  2,429 ","  3,005 ","  2,870 ","  2,815 ","  2,808 ","  2,654 ","2,878"
"$20,000 to $24,999",,,,"  2,915 ","  2,331 ","  2,555 ","  2,609 ","  2,453 ","  2,494 ","  2,635 ","2,265"
"$25,000 to $29,999",,,,"  2,588 ","  2,598 ","  2,142 ","  2,031 ","  2,285 ","  2,331 ","  2,228 ","2,086"
"$30,000 to $34,999",,,,"  2,646 ","  1,897 ","  2,145 ","  2,386 ","  2,197 ","  2,137 ","  2,343 ","2,077"
"$35,000 to $39,999",,,,"  2,401 ","  2,123 ","  1,746 ","  1,820 ","  1,857 ","  1,675 ","  1,499 ","1,543"
"$40,000 to $44,999",,,,"  1,919 ","  1,956 ","  1,410 ","  1,541 ","  1,478 ","  1,409 ","  1,454 ","1,485"
"$45,000 to $49,999",,,,"  1,587 ","  1,519 ","  1,237 ","  1,186 ","  1,105 ","  1,012 ","  1,324 ","1,198"
"$50,000 to $59,999",,,,"  2,302 ","  3,043 ","  2,367 ","  2,083 ","  2,189 ","  2,254 ","  2,048 ","1,952"
"$60,000 to $74,999",,,,"  1,930 ","  3,160 ","  2,307 ","  2,367 ","  2,376 ","  2,519 ","  2,513 ","2,555"
"$75,000 to $99,999",,,,"  1,170 ","  2,725 ","  2,719 ","  2,657 ","  2,587 ","  2,559 ","  2,583 ","2,695"
"$100,000 to $124,999",,,,  200 ,"  1,384 ","  1,342 ","  1,314 ","  1,319 ","  1,439 ","  1,550 ","1,473"
"$125,000 to $149,999",,,,  44 ,  508 ,  791 ,  640 ,  731 ,  834 ,  812 ,898
"$150,000 to $199,999",,,,  86 ,  412 ,  575 ,  563 ,  547 ,  488 ,  528 ,731
"$200,000 or more",,,,,  307 ,  384 ,  385 ,  383 ,  391 ,  435 ,457
Median household income,Austin,"$54,157","$45,835","$47,671","$49,718","$33,986","$33,515","$32,512","$32,672","$32,538","$32,667"
,,,,,,,,,,,
26. West Garfield Park,,,,,,,,,,,
Total,,"  12,151 ","  9,257 ","  6,990 ","  6,866 ","  5,714 ","  5,464 ","  5,431 ","  5,358 ","  5,312 ","5,335"
"Less than $10,000",,,,"  2,650 ","  1,825 ","  1,488 ","  1,300 ","  1,307 ","  1,281 ","  1,285 ","1,153"
"$10,000 to $14,999",,,,  828 ,  638 ,  420 ,  505 ,  468 ,  550 ,  567 ,552
"$15,000 to $19,999",,,,  863 ,  622 ,  557 ,  583 ,  543 ,  503 ,  565 ,670
"$20,000 to $24,999",,,,  537 ,  522 ,  435 ,  335 ,  366 ,  437 ,  443 ,450
"$25,000 to $29,999",,,,  476 ,  611 ,  336 ,  339 ,  374 ,  294 ,  274 ,316
"$30,000 to $34,999",,,,  309 ,  417 ,  338 ,  388 ,  363 ,  347 ,  309 ,305
"$35,000 to $39,999",,,,  353 ,  381 ,  278 ,  226 ,  204 ,  207 ,  138 ,171
"$40,000 to $44,999",,,,  256 ,  279 ,  300 ,  264 ,  248 ,  233 ,  206 ,197
"$45,000 to $49,999",,,,  199 ,  284 ,  142 ,  180 ,  197 ,  179 ,  167 ,197
"$50,000 to $59,999",,,,  236 ,  355 ,  358 ,  373 ,  360 ,  343 ,  328 ,333
"$60,000 to $74,999",,,,  167 ,  451 ,  409 ,  348 ,  389 ,  348 ,  444 ,414
"$75,000 to $99,999",,,,  85 ,  268 ,  440 ,  415 ,  445 ,  455 ,  375 ,363
"$100,000 to $124,999",,,,  26 ,  93 ,  131 ,  99 ,  58 ,  63 ,  85 ,90
"$125,000 to $149,999",,,,  5 ,  45 ,  73 ,  88 ,  74 ,  74 ,  57 ,70
"$150,000 to $199,999",,,, - ,  6 , - ,  5 ,  22 ,  25 ,  45 ,36
"$200,000 or more",,,,,  69 ,  9 ,  16 ,  13 ,  19 ,  24 ,18
Median household income,West Garfield Park,"$40,045","$30,525","$28,939","$34,148","$26,163","$26,523","$26,354","$24,683","$23,016","$23,023"
,,,,,,,,,,,
27. East Garfield Park,,,,,,,,,,,
Total,,"  14,288 ","  9,895 ","  7,246 ","  6,535 ","  6,896 ","  6,900 ","  6,881 ","  6,924 ","  6,926 ","6,819"
"Less than $10,000",,,,"  3,235 ","  1,706 ","  1,864 ","  1,852 ","  1,862 ","  2,009 ","  1,871 ","1,867"
"$10,000 to $14,999",,,,  815 ,  708 ,  608 ,  694 ,  886 ,  832 ,  747 ,758
"$15,000 to $19,999",,,,  734 ,  520 ,  539 ,  462 ,  506 ,  498 ,  489 ,476
"$20,000 to $24,999",,,,  528 ,  386 ,  427 ,  424 ,  403 ,  415 ,  445 ,495
"$25,000 to $29,999",,,,  528 ,  419 ,  472 ,  457 ,  470 ,  389 ,  347 ,343
"$30,000 to $34,999",,,,  292 ,  449 ,  477 ,  371 ,  270 ,  230 ,  258 ,245
"$35,000 to $39,999",,,,  284 ,  373 ,  346 ,  285 ,  257 ,  268 ,  310 ,232
"$40,000 to $44,999",,,,  230 ,  333 ,  291 ,  332 ,  363 ,  336 ,  400 ,344
"$45,000 to $49,999",,,,  120 ,  362 ,  90 ,  62 ,  141 ,  180 ,  151 ,199
"$50,000 to $59,999",,,,  156 ,  441 ,  410 ,  412 ,  351 ,  323 ,  309 ,297
"$60,000 to $74,999",,,,  210 ,  318 ,  354 ,  404 ,  424 ,  418 ,  394 ,414
"$75,000 to $99,999",,,,  70 ,  324 ,  589 ,  597 ,  539 ,  575 ,  618 ,577
"$100,000 to $124,999",,,,  18 ,  64 ,  204 ,  218 ,  197 ,  215 ,  284 ,314
"$125,000 to $149,999",,,,  17 ,  32 ,  90 ,  104 ,  74 ,  74 ,  104 ,91
"$150,000 to $199,999",,,,  9 ,  34 ,  107 ,  166 ,  96 ,  112 ,  133 ,94
"$200,000 or more",,,,,  66 ,  28 ,  60 ,  42 ,  50 ,  66 ,73
Median household income,,"$31,387","$25,228","$23,152","$35,765","$26,883","$26,580","$22,967","$22,115","$24,450","$22,897"
,,,,,,,,,,,
28. Near West Side,,,,,,,,,,,
Total,,"  21,695 ","  18,630 ","  16,473 ","  18,141 ","  25,665 ","  26,291 ","  26,973 ","  27,652 ","  28,108 ","28,162"
"Less than $10,000",,,,"  8,482 ","  4,876 ","  3,943 ","  4,165 ","  4,116 ","  4,135 ","  4,116 ","3,936"
"$10,000 to $14,999",,,,"  1,280 ","  1,361 ","  1,243 ","  1,196 ","  1,204 ","  1,179 ","  1,262 ","1,324"
"$15,000 to $19,999",,,,"  1,170 ","  1,105 ",  832 ,  930 ,"  1,005 ","  1,020 ","  1,011 ","1,016"
"$20,000 to $24,999",,,,  773 ,  945 ,  875 ,  849 ,  802 ,  943 ,  942 ,949
"$25,000 to $29,999",,,,  793 ,  845 ,  888 ,  820 ,  849 ,  633 ,  608 ,646
"$30,000 to $34,999",,,,  631 ,  751 ,  505 ,  528 ,  517 ,  563 ,  642 ,614
"$35,000 to $39,999",,,,  606 ,  817 ,  628 ,  647 ,  542 ,  543 ,  420 ,444
"$40,000 to $44,999",,,,  397 ,  778 ,  615 ,  673 ,  609 ,  604 ,  568 ,536
"$45,000 to $49,999",,,,  356 ,  523 ,  555 ,  574 ,  700 ,  740 ,  655 ,484
"$50,000 to $59,999",,,,  636 ,"  1,010 ","  1,558 ","  1,653 ","  1,342 ","  1,481 ","  1,448 ","1,241"
"$60,000 to $74,999",,,,  536 ,"  1,280 ","  2,417 ","  2,237 ","  2,472 ","  2,452 ","  2,291 ","2,206"
"$75,000 to $99,999",,,,  378 ,"  1,249 ","  3,160 ","  3,206 ","  3,292 ","  2,955 ","  3,092 ","2,990"
"$100,000 to $124,999",,,,  159 ,  945 ,"  2,474 ","  2,502 ","  2,673 ","  2,695 ","  2,756 ","2,691"
"$125,000 to $149,999",,,,  118 ,  550 ,"  1,689 ","  1,614 ","  1,874 ","  1,968 ","  1,786 ","1,989"
"$150,000 to $199,999",,,,  158 ,  579 ,"  1,984 ","  2,313 ","  2,374 ","  2,699 ","  2,872 ","3,029"
"$200,000 or more",,,,,  527 ,"  2,299 ","  2,384 ","  2,602 ","  3,042 ","  3,639 ","4,067"
Median household income,Near West Side,"$28,361","$19,221","$17,890","$43,699","$71,379","$70,453","$73,056","$74,380","$77,456","$79,669"
,,,,,,,,,,,
29. North Lawndale,,,,,,,,,,,
Total,,"  22,577 ","  17,266 ","  13,905 ","  12,391 ","  10,852 ","  10,811 ","  10,755 ","  10,869 ","  11,154 ","11,295"
"Less than $10,000",,,,"  6,076 ","  4,213 ","  2,708 ","  2,851 ","  2,655 ","  2,656 ","  2,512 ","2,254"
"$10,000 to $14,999",,,,"  1,660 ","  1,232 ","  1,195 ","  1,010 ","  1,106 ","  1,203 ","  1,214 ","1,167"
"$15,000 to $19,999",,,,"  1,375 ","  1,048 ",  989 ,"  1,068 ","  1,046 ","  1,105 ","  1,056 ","1,034"
"$20,000 to $24,999",,,,"  1,187 ",  867 ,  788 ,  777 ,  858 ,  987 ,  993 ,"1,013"
"$25,000 to $29,999",,,,  704 ,  844 ,  697 ,  617 ,  601 ,  600 ,  639 ,659
"$30,000 to $34,999",,,,  749 ,  657 ,  479 ,  667 ,  643 ,  608 ,  534 ,625
"$35,000 to $39,999",,,,  587 ,  659 ,  552 ,  555 ,  452 ,  401 ,  473 ,634
"$40,000 to $44,999",,,,  391 ,  349 ,  450 ,  387 ,  491 ,  495 ,  507 ,425
"$45,000 to $49,999",,,,  283 ,  389 ,  296 ,  369 ,  337 ,  332 ,  405 ,571
"$50,000 to $59,999",,,,  483 ,  548 ,  603 ,  611 ,  549 ,  516 ,  618 ,613
"$60,000 to $74,999",,,,  185 ,  703 ,  792 ,  769 ,  831 ,  799 ,  854 ,810
"$75,000 to $99,999",,,,  166 ,  477 ,  752 ,  599 ,  587 ,  634 ,  727 ,766
"$100,000 to $124,999",,,,  44 ,  205 ,  295 ,  270 ,  372 ,  297 ,  325 ,410
"$125,000 to $149,999",,,, - ,  95 ,  52 ,  110 ,  110 ,  130 ,  145 ,126
"$150,000 to $199,999",,,,  15 ,  72 ,  90 ,  70 ,  76 ,  85 ,  118 ,146
"$200,000 or more",,,,,  33 ,  114 ,  81 ,  41 ,  21 ,  34 ,42
Median household income,North Lawndale,"$37,755","$28,757","$24,088","$27,090","$24,840","$24,127","$24,011","$22,971","$24,433","$26,217"
,,,,,,,,,,,
30. South Lawndale,,,,,,,,,,,
Total,,"  19,057 ","  19,197 ","  18,445 ","  19,265 ","  16,454 ","  16,690 ","  17,447 ","  18,048 ","  17,920 ","17,824"
"Less than $10,000",,,,"  3,635 ","  2,649 ","  1,355 ","  1,517 ","  1,637 ","  1,772 ","  1,735 ","1,535"
"$10,000 to $14,999",,,,"  1,964 ","  1,586 ","  1,472 ","  1,495 ","  1,682 ","  1,702 ","  1,632 ","1,422"
"$15,000 to $19,999",,,,"  2,283 ","  1,418 ","  1,734 ","  1,817 ","  1,769 ","  1,912 ","  1,829 ","1,809"
"$20,000 to $24,999",,,,"  2,578 ","  1,608 ","  1,821 ","  2,012 ","  1,811 ","  1,982 ","  1,873 ","1,767"
"$25,000 to $29,999",,,,"  1,795 ","  1,629 ","  1,106 ","  1,089 ","  1,431 ","  1,430 ","  1,377 ","1,560"
"$30,000 to $34,999",,,,"  1,519 ","  1,478 ","  1,302 ","  1,369 ","  1,420 ","  1,613 ","  1,455 ","1,414"
"$35,000 to $39,999",,,,"  1,253 ","  1,614 ","  1,439 ","  1,433 ","  1,493 ","  1,428 ","  1,346 ","1,435"
"$40,000 to $44,999",,,,  892 ,"  1,303 ","  1,062 ",  998 ,  950 ,  937 ,  975 ,983
"$45,000 to $49,999",,,,  654 ,"  1,092 ",  808 ,  766 ,  940 ,  908 ,  717 ,588
"$50,000 to $59,999",,,,  719 ,"  1,623 ","  1,456 ","  1,362 ","  1,424 ","  1,261 ","  1,309 ","1,358"
"$60,000 to $74,999",,,,  680 ,"  1,327 ","  1,042 ","  1,068 ","  1,144 ","  1,370 ","  1,446 ","1,405"
"$75,000 to $99,999",,,,  329 ,"  1,086 ","  1,102 ","  1,035 ",  957 ,  845 ,  980 ,"1,163"
"$100,000 to $124,999",,,,  101 ,  559 ,  339 ,  370 ,  439 ,  504 ,  731 ,810
"$125,000 to $149,999",,,,  7 ,  118 ,  253 ,  240 ,  220 ,  211 ,  306 ,276
"$150,000 to $199,999",,,,  36 ,  106 ,  83 ,  68 ,  75 ,  109 ,  150 ,242
"$200,000 or more",,,,,  69 ,  80 ,  51 ,  55 ,  64 ,  59 ,57
Median household income,South Lawndale,"$46,152","$46,973","$42,655","$47,734","$34,978","$33,110","$32,450","$31,763","$32,377","$32,704"
,,,,,,,,,,,
31. Lower West Side,,,,,,,,,,,
Total,,"  13,064 ","  13,034 ","  12,143 ","  12,804 ","  12,255 ","  11,997 ","  11,901 ","  11,958 ","  11,836 ","11,947"
"Less than $10,000",,,,"  2,868 ","  1,789 ","  1,212 ","  1,077 ","  1,247 ","  1,401 ","  1,261 ","1,212"
"$10,000 to $14,999",,,,"  1,439 ","  1,313 ",  912 ,  825 ,  741 ,  829 ,  777 ,591
"$15,000 to $19,999",,,,"  1,627 ","  1,379 ","  1,169 ","  1,130 ","  1,011 ",  876 ,  805 ,662
"$20,000 to $24,999",,,,"  1,218 ","  1,291 ",  877 ,  971 ,"  1,021 ","  1,001 ",  941 ,911
"$25,000 to $29,999",,,,"  1,243 ","  1,059 ",  903 ,"  1,006 ",  991 ,  928 ,  831 ,785
"$30,000 to $34,999",,,,"  1,083 ","  1,121 ",  849 ,  875 ,  925 ,  825 ,  864 ,898
"$35,000 to $39,999",,,,  637 ,  893 ,  849 ,  830 ,  626 ,  546 ,  546 ,625
"$40,000 to $44,999",,,,  543 ,  653 ,  865 ,  641 ,  528 ,  693 ,  580 ,589
"$45,000 to $49,999",,,,  438 ,  610 ,  605 ,  571 ,  637 ,  674 ,  604 ,469
"$50,000 to $59,999",,,,  534 ,  778 ,  994 ,  859 ,  992 ,  911 ,  919 ,"1,011"
"$60,000 to $74,999",,,,  375 ,  717 ,"  1,041 ","  1,182 ","  1,154 ","  1,185 ","  1,260 ","1,373"
"$75,000 to $99,999",,,,  86 ,  659 ,  935 ,  971 ,  944 ,"  1,014 ","  1,146 ","1,170"
"$100,000 to $124,999",,,,  33 ,  269 ,  474 ,  424 ,  460 ,  449 ,  543 ,801
"$125,000 to $149,999",,,,  12 ,  85 ,  274 ,  345 ,  285 ,  282 ,  306 ,357
"$150,000 to $199,999",,,,  7 ,  131 ,  192 ,  188 ,  192 ,  223 ,  281 ,238
"$200,000 or more",,,,,  57 ,  104 ,  102 ,  147 ,  121 ,  172 ,255
Median household income,Lower West Side,"$43,784","$39,312","$39,418","$41,004","$38,667","$37,609","$36,476","$37,360","$39,902","$42,322"
,,,,,,,,,,,
32. Loop,,,,,,,,,,,
Total,,"  2,902 ","  3,853 ","  6,785 ","  8,972 ","  14,557 ","  15,649 ","  16,694 ","  18,095 ","  18,572 ","19,216"
"Less than $10,000",,,,  485 ,  930 ,"  1,491 ","  1,432 ","  1,517 ","  1,750 ","  1,687 ","1,557"
"$10,000 to $14,999",,,,  153 ,  195 ,  588 ,  790 ,  784 ,  918 ,  876 ,600
"$15,000 to $19,999",,,,  305 ,  270 ,  226 ,  238 ,  156 ,  225 ,  265 ,256
"$20,000 to $24,999",,,,  328 ,  331 ,  311 ,  245 ,  238 ,  246 ,  292 ,299
"$25,000 to $29,999",,,,  379 ,  241 ,  429 ,  453 ,  414 ,  341 ,  296 ,349
"$30,000 to $34,999",,,,  470 ,  315 ,  239 ,  328 ,  422 ,  350 ,  349 ,296
"$35,000 to $39,999",,,,  544 ,  314 ,  430 ,  370 ,  233 ,  271 ,  191 ,304
"$40,000 to $44,999",,,,  440 ,  477 ,  297 ,  370 ,  517 ,  562 ,  516 ,431
"$45,000 to $49,999",,,,  406 ,  451 ,  418 ,  479 ,  478 ,  485 ,  408 ,437
"$50,000 to $59,999",,,,  654 ,  579 ,  938 ,  933 ,  890 ,"  1,025 ",  984 ,"1,028"
"$60,000 to $74,999",,,,  732 ,  973 ,"  1,617 ","  1,247 ","  1,289 ","  1,125 ","  1,261 ","1,185"
"$75,000 to $99,999",,,,  707 ,"  1,164 ","  1,833 ","  2,076 ","  2,282 ","  2,396 ","  2,351 ","2,564"
"$100,000 to $124,999",,,,  468 ,  719 ,"  1,517 ","  1,908 ","  1,940 ","  1,848 ","  1,998 ","2,263"
"$125,000 to $149,999",,,,  219 ,  535 ,"  1,096 ","  1,160 ","  1,251 ","  1,507 ","  1,462 ","1,629"
"$150,000 to $199,999",,,,  495 ,  727 ,"  1,216 ","  1,547 ","  1,896 ","  2,315 ","  2,842 ","2,726"
"$200,000 or more",,,,,  751 ,"  1,911 ","  2,073 ","  2,387 ","  2,731 ","  2,794 ","3,292"
Median household income,Loop,"$51,125","$36,969","$92,614","$96,189","$83,737","$89,367","$92,227","$95,333","$99,881","$102,700"
,,,,,,,,,,,
33. Near South Side,,,,,,,,,,,
Total,,"  2,914 ","  2,419 ","  2,911 ","  4,684 ","  11,517 ","  12,191 ","  12,599 ","  12,489 ","  13,106 ","13,436"
"Less than $10,000",,,,"  1,768 ","  1,257 ","  1,253 ","  1,105 ",  994 ,  975 ,  835 ,841
"$10,000 to $14,999",,,,  208 ,  332 ,  301 ,  256 ,  390 ,  329 ,  519 ,504
"$15,000 to $19,999",,,,  190 ,  235 ,  344 ,  260 ,  420 ,  426 ,  565 ,523
"$20,000 to $24,999",,,,  208 ,  227 ,  263 ,  318 ,  331 ,  352 ,  311 ,363
"$25,000 to $29,999",,,,  99 ,  132 ,  484 ,  550 ,  691 ,  631 ,  496 ,469
"$30,000 to $34,999",,,,  143 ,  181 ,  355 ,  348 ,  285 ,  269 ,  253 ,146
"$35,000 to $39,999",,,,  61 ,  138 ,  381 ,  350 ,  288 ,  269 ,  128 ,12
"$40,000 to $44,999",,,,  48 ,  177 ,  443 ,  514 ,  590 ,  539 ,  561 ,463
"$45,000 to $49,999",,,,  72 ,  159 ,  377 ,  410 ,  381 ,  328 ,  255 ,261
"$50,000 to $59,999",,,,  40 ,  315 ,  744 ,  766 ,  832 ,  869 ,  712 ,618
"$60,000 to $74,999",,,,  50 ,  351 ,"  1,014 ","  1,328 ","  1,150 ","  1,098 ","  1,242 ","1,362"
"$75,000 to $99,999",,,,  24 ,  325 ,"  1,481 ","  1,247 ","  1,450 ","  1,212 ","  1,319 ","1,509"
"$100,000 to $124,999",,,, - ,  170 ,"  1,232 ","  1,360 ","  1,474 ","  1,483 ","  1,660 ","1,570"
"$125,000 to $149,999",,,, - ,  190 ,  542 ,  573 ,  560 ,  698 ,  940 ,973
"$150,000 to $199,999",,,, - ,  234 ,  959 ,"  1,159 ","  1,013 ","  1,205 ","  1,206 ","1,337"
"$200,000 or more",,,,,  261 ,"  1,344 ","  1,647 ","  1,750 ","  1,806 ","  2,104 ","2,485"
Median household income,Near South Side,"$23,536","$19,237","$13,038","$50,702","$76,656","$77,624","$77,076","$80,582","$88,445","$92,961"
,,,,,,,,,,,
34. Armour Square,,,,,,,,,,,
Total,,"  4,035 ","  4,505 ","  4,109 ","  4,736 ","  5,359 ","  5,228 ","  5,150 ","  5,204 ","  5,148 ","5,192"
"Less than $10,000",,,,"  1,709 ","  1,416 ","  1,222 ","  1,150 ","  1,313 ","  1,264 ","  1,192 ","1,226"
"$10,000 to $14,999",,,,  466 ,  434 ,  861 ,  829 ,  645 ,  604 ,  464 ,437
"$15,000 to $19,999",,,,  303 ,  281 ,  521 ,  400 ,  346 ,  417 ,  331 ,348
"$20,000 to $24,999",,,,  261 ,  396 ,  226 ,  291 ,  360 ,  372 ,  493 ,483
"$25,000 to $29,999",,,,  260 ,  312 ,  252 ,  300 ,  309 ,  294 ,  323 ,369
"$30,000 to $34,999",,,,  192 ,  223 ,  198 ,  193 ,  280 ,  270 ,  308 ,232
"$35,000 to $39,999",,,,  147 ,  191 ,  279 ,  220 ,  190 ,  284 ,  255 ,219
"$40,000 to $44,999",,,,  149 ,  224 ,  185 ,  153 ,  153 ,  165 ,  89 ,91
"$45,000 to $49,999",,,,  150 ,  120 ,  169 ,  73 ,  93 ,  129 ,  157 ,123
"$50,000 to $59,999",,,,  181 ,  250 ,  310 ,  314 ,  271 ,  256 ,  271 ,268
"$60,000 to $74,999",,,,  158 ,  285 ,  330 ,  453 ,  387 ,  387 ,  373 ,327
"$75,000 to $99,999",,,,  74 ,  336 ,  354 ,  404 ,  282 ,  261 ,  322 ,314
"$100,000 to $124,999",,,,  34 ,  115 ,  196 ,  199 ,  175 ,  193 ,  237 ,275
"$125,000 to $149,999",,,,  5 ,  63 ,  130 ,  102 ,  219 ,  188 ,  186 ,272
"$150,000 to $199,999",,,,  20 ,  31 ,  97 ,  86 ,  73 ,  79 ,  102 ,121
"$200,000 or more",,,,,  59 ,  29 ,  61 ,  54 ,  41 ,  45 ,87
Median household income,Armour Square,"$35,256","$32,485","$25,900","$33,609","$23,040","$25,244","$24,512","$25,055","$26,957","$26,223"
,,,,,,,,,,,
35. Douglas,,,,,,,,,,,
Total,,"  14,918 ","  14,319 ","  13,067 ","  10,835 ","  9,023 ","  8,986 ","  9,071 ","  9,276 ","  9,490 ","9,590"
"Less than $10,000",,,,"  5,843 ","  3,271 ","  1,945 ","  1,985 ","  2,208 ","  2,346 ","  2,346 ","2,320"
"$10,000 to $14,999",,,,"  1,128 ",  944 ,  836 ,  752 ,  761 ,  781 ,  818 ,754
"$15,000 to $19,999",,,,"  1,013 ",  636 ,  472 ,  591 ,  507 ,  589 ,  645 ,657
"$20,000 to $24,999",,,,  918 ,  583 ,  549 ,  574 ,  617 ,  691 ,  629 ,584
"$25,000 to $29,999",,,,  850 ,  542 ,  401 ,  285 ,  278 ,  276 ,  349 ,316
"$30,000 to $34,999",,,,  707 ,  652 ,  477 ,  428 ,  325 ,  349 ,  337 ,430
"$35,000 to $39,999",,,,  560 ,  628 ,  441 ,  445 ,  380 ,  368 ,  327 ,304
"$40,000 to $44,999",,,,  480 ,  565 ,  365 ,  517 ,  461 ,  531 ,  551 ,472
"$45,000 to $49,999",,,,  269 ,  390 ,  320 ,  250 ,  334 ,  285 ,  331 ,380
"$50,000 to $59,999",,,,  553 ,  724 ,  767 ,  663 ,  629 ,  625 ,  518 ,555
"$60,000 to $74,999",,,,  377 ,  770 ,  784 ,  947 ,  991 ,  855 ,  960 ,938
"$75,000 to $99,999",,,,  166 ,  500 ,  721 ,  669 ,  710 ,  750 ,  770 ,821
"$100,000 to $124,999",,,,  96 ,  304 ,  386 ,  356 ,  360 ,  300 ,  379 ,399
"$125,000 to $149,999",,,,  39 ,  151 ,  154 ,  197 ,  129 ,  145 ,  116 ,228
"$150,000 to $199,999",,,,  68 ,  66 ,  243 ,  220 ,  248 ,  254 ,  267 ,239
"$200,000 or more",,,,,  109 ,  162 ,  107 ,  133 ,  131 ,  147 ,193
Median household income,Douglas,"$34,330","$27,423","$24,897","$36,680","$35,448","$35,322","$33,656","$30,203","$30,061","$31,764"
,,,,,,,,,,,
36. Oakland,,,,,,,,,,,
Total,,"  5,019 ","  4,894 ","  2,749 ","  2,270 ","  2,743 ","  2,825 ","  2,810 ","  2,793 ","  2,860 ","2,934"
"Less than $10,000",,,,"  1,966 ","  1,090 ",  693 ,  727 ,  722 ,  706 ,  749 ,659
"$10,000 to $14,999",,,,  187 ,  234 ,  303 ,  386 ,  351 ,  280 ,  271 ,317
"$15,000 to $19,999",,,,  168 ,  164 ,  281 ,  235 ,  210 ,  153 ,  152 ,191
"$20,000 to $24,999",,,,  58 ,  115 ,  308 ,  247 ,  126 ,  140 ,  121 ,169
"$25,000 to $29,999",,,,  133 ,  100 ,  63 ,  72 ,  151 ,  171 ,  212 ,199
"$30,000 to $34,999",,,,  66 ,  114 ,  118 ,  97 ,  110 ,  179 ,  190 ,148
"$35,000 to $39,999",,,,  42 ,  118 ,  107 ,  166 ,  155 ,  126 ,  125 ,132
"$40,000 to $44,999",,,,  28 ,  52 ,  118 ,  132 ,  160 ,  136 ,  125 ,131
"$45,000 to $49,999",,,,  6 ,  34 ,  40 ,  66 ,  87 ,  97 ,  103 ,89
"$50,000 to $59,999",,,,  52 ,  71 ,  43 ,  77 ,  109 ,  130 ,  158 ,200
"$60,000 to $74,999",,,,  22 ,  57 ,  203 ,  201 ,  189 ,  218 ,  180 ,196
"$75,000 to $99,999",,,,  11 ,  51 ,  121 ,  98 ,  73 ,  130 ,  203 ,174
"$100,000 to $124,999",,,,  10 ,  11 ,  103 ,  76 ,  90 ,  115 ,  114 ,133
"$125,000 to $149,999",,,, - ,  19 ,  61 ,  67 ,  51 ,  34 ,  49 ,47
"$150,000 to $199,999",,,, - ,  40 ,  136 ,  114 ,  87 ,  61 ,  42 ,80
"$200,000 or more",,,,, - ,  45 ,  64 ,  139 ,  117 ,  66 ,69
Median household income,Oakland,"$21,999","$14,829","$9,712","$15,861","$22,823","$22,304","$25,786","$29,341","$28,740","$28,110"
,,,,,,,,,,,
37. Fuller Park,,,,,,,,,,,
Total,,"  1,915 ","  1,930 ","  1,531 ","  1,266 ","  1,146 ","  1,162 ","  1,106 ","  1,060 ","  1,064 ","1,045"
"Less than $10,000",,,,  864 ,  430 ,  368 ,  361 ,  370 ,  288 ,  252 ,227
"$10,000 to $14,999",,,,  164 ,  125 ,  189 ,  178 ,  134 ,  143 ,  109 ,101
"$15,000 to $19,999",,,,  105 ,  107 ,  123 ,  130 ,  131 ,  106 ,  123 ,111
"$20,000 to $24,999",,,,  78 ,  70 ,  27 ,  33 ,  31 ,  81 ,  114 ,139
"$25,000 to $29,999",,,,  67 ,  98 ,  115 ,  94 ,  80 ,  69 ,  70 ,80
"$30,000 to $34,999",,,,  38 ,  83 ,  25 ,  33 ,  34 ,  35 ,  27 ,17
"$35,000 to $39,999",,,,  14 ,  48 ,  66 ,  73 ,  41 ,  29 ,  68 ,69
"$40,000 to $44,999",,,,  41 ,  52 ,  54 ,  51 ,  53 ,  57 ,  66 ,44
"$45,000 to $49,999",,,,  43 ,  68 ,  54 ,  23 ,  24 ,  24 ,  45 ,57
"$50,000 to $59,999",,,,  37 ,  58 ,  18 ,  54 ,  49 ,  45 ,  39 ,41
"$60,000 to $74,999",,,,  47 ,  35 ,  31 ,  17 ,  28 ,  32 ,  40 ,53
"$75,000 to $99,999",,,,  19 ,  38 ,  63 ,  71 ,  67 ,  70 ,  47 ,41
"$100,000 to $124,999",,,,  14 , - ,  13 ,  33 ,  56 ,  60 ,  41 ,43
"$125,000 to $149,999",,,, - ,  8 , - , - , - ,  10 ,  18 ,17
"$150,000 to $199,999",,,, - ,  8 , - , - , - , - , - ,-
"$200,000 or more",,,,,  38 , - ,  11 ,  8 ,  11 ,  5 ,5
Median household income,Fuller Park,"$34,799","$24,543","$15,924","$27,193","$16,624","$17,261","$17,218","$20,332","$22,387","$22,707"
,,,,,,,,,,,
38. Grand Boulevard,,,,,,,,,,,
Total,,"  23,876 ","  18,601 ","  12,275 ","  10,006 ","  9,878 ","  9,936 ","  9,890 ","  9,831 ","  10,042 ","10,323"
"Less than $10,000",,,,"  7,546 ","  3,864 ","  2,000 ","  2,165 ","  2,183 ","  2,014 ","  2,041 ","2,122"
"$10,000 to $14,999",,,,"  1,363 ","  1,302 ",  987 ,  793 ,  996 ,"  1,048 ","  1,152 ","1,073"
"$15,000 to $19,999",,,,  971 ,  758 ,  738 ,  772 ,  692 ,  837 ,  942 ,898
"$20,000 to $24,999",,,,  607 ,  540 ,  662 ,  733 ,  629 ,  593 ,  499 ,477
"$25,000 to $29,999",,,,  469 ,  484 ,  538 ,  491 ,  408 ,  438 ,  423 ,400
"$30,000 to $34,999",,,,  371 ,  470 ,  454 ,  473 ,  474 ,  490 ,  544 ,519
"$35,000 to $39,999",,,,  247 ,  290 ,  389 ,  412 ,  483 ,  403 ,  393 ,505
"$40,000 to $44,999",,,,  134 ,  387 ,  322 ,  323 ,  294 ,  310 ,  340 ,357
"$45,000 to $49,999",,,,  87 ,  255 ,  206 ,  278 ,  294 ,  282 ,  235 ,282
"$50,000 to $59,999",,,,  257 ,  374 ,  704 ,  663 ,  670 ,  703 ,  605 ,577
"$60,000 to $74,999",,,,  106 ,  403 ,  687 ,  737 ,  719 ,  651 ,  783 ,823
"$75,000 to $99,999",,,,  90 ,  440 ,  866 ,  890 ,  853 ,  779 ,  796 ,889
"$100,000 to $124,999",,,,  11 ,  201 ,  582 ,  510 ,  527 ,  508 ,  545 ,504
"$125,000 to $149,999",,,,  3 ,  55 ,  189 ,  165 ,  114 ,  175 ,  209 ,258
"$150,000 to $199,999",,,,  13 ,  87 ,  308 ,  315 ,  317 ,  327 ,  298 ,334
"$200,000 or more",,,,,  96 ,  246 ,  216 ,  237 ,  273 ,  237 ,305
Median household income,Grand Boulevard,"$25,281","$17,153","$13,693","$20,940","$32,290","$31,821","$31,533","$30,941","$30,258","$31,698"
,,,,,,,,,,,
39. Kenwood,,,,,,,,,,,
Total,,"  10,563 ","  10,006 ","  8,639 ","  8,936 ","  9,116 ","  9,145 ","  9,130 ","  8,928 ","  9,117 ","9,181"
"Less than $10,000",,,,"  2,411 ","  1,781 ","  1,425 ","  1,474 ","  1,512 ","  1,413 ","  1,548 ","1,597"
"$10,000 to $14,999",,,,  798 ,  731 ,  777 ,  725 ,  581 ,  590 ,  600 ,614
"$15,000 to $19,999",,,,  676 ,  376 ,  764 ,  698 ,  596 ,  534 ,  558 ,476
"$20,000 to $24,999",,,,  694 ,  521 ,  396 ,  471 ,  525 ,  572 ,  512 ,611
"$25,000 to $29,999",,,,  536 ,  516 ,  464 ,  441 ,  472 ,  454 ,  381 ,361
"$30,000 to $34,999",,,,  470 ,  403 ,  388 ,  585 ,  527 ,  595 ,  606 ,442
"$35,000 to $39,999",,,,  394 ,  403 ,  527 ,  434 ,  380 ,  368 ,  252 ,299
"$40,000 to $44,999",,,,  376 ,  494 ,  500 ,  475 ,  510 ,  330 ,  359 ,233
"$45,000 to $49,999",,,,  481 ,  377 ,  221 ,  189 ,  195 ,  246 ,  269 ,324
"$50,000 to $59,999",,,,  381 ,  562 ,  537 ,  644 ,  604 ,  645 ,  570 ,529
"$60,000 to $74,999",,,,  472 ,"  1,018 ",  660 ,  508 ,  594 ,  576 ,  565 ,638
"$75,000 to $99,999",,,,  315 ,  657 ,  777 ,  813 ,  721 ,  723 ,  838 ,758
"$100,000 to $124,999",,,,  221 ,  405 ,  524 ,  576 ,  697 ,  655 ,  683 ,583
"$125,000 to $149,999",,,,  164 ,  169 ,  247 ,  234 ,  225 ,  299 ,  387 ,529
"$150,000 to $199,999",,,,  250 ,  169 ,  355 ,  339 ,  388 ,  336 ,  330 ,385
"$200,000 or more",,,,,  354 ,  554 ,  539 ,  603 ,  592 ,  659 ,802
Median household income,Kenwood,"$36,793","$38,622","$43,706","$54,073","$40,845","$38,990","$41,141","$40,561","$42,348","$44,023"
,,,,,,,,,,,
40. Washington Park,,,,,,,,,,,
Total,,"  14,696 ","  11,028 ","  6,442 ","  4,733 ","  4,142 ","  4,180 ","  4,172 ","  4,336 ","  4,351 ","4,334"
"Less than $10,000",,,,"  3,572 ","  1,709 ","  1,182 ","  1,378 ","  1,196 ","  1,228 ","  1,117 ","1,041"
"$10,000 to $14,999",,,,  798 ,  640 ,  404 ,  382 ,  356 ,  364 ,  315 ,305
"$15,000 to $19,999",,,,  466 ,  431 ,  334 ,  382 ,  420 ,  453 ,  504 ,422
"$20,000 to $24,999",,,,  467 ,  380 ,  260 ,  242 ,  251 ,  295 ,  320 ,383
"$25,000 to $29,999",,,,  260 ,  236 ,  275 ,  215 ,  253 ,  267 ,  196 ,208
"$30,000 to $34,999",,,,  250 ,  266 ,  197 ,  154 ,  166 ,  189 ,  280 ,307
"$35,000 to $39,999",,,,  163 ,  166 ,  215 ,  187 ,  228 ,  230 ,  176 ,243
"$40,000 to $44,999",,,,  146 ,  96 ,  127 ,  174 ,  131 ,  152 ,  164 ,208
"$45,000 to $49,999",,,,  79 ,  96 ,  200 ,  138 ,  127 ,  131 ,  138 ,167
"$50,000 to $59,999",,,,  90 ,  185 ,  168 ,  206 ,  235 ,  248 ,  291 ,252
"$60,000 to $74,999",,,,  85 ,  222 ,  242 ,  258 ,  308 ,  334 ,  365 ,320
"$75,000 to $99,999",,,,  66 ,  131 ,  311 ,  268 ,  290 ,  254 ,  212 ,217
"$100,000 to $124,999",,,, - ,  76 ,  140 ,  73 ,  73 ,  92 ,  117 ,109
"$125,000 to $149,999",,,, - ,  9 ,  28 ,  25 ,  42 ,  51 ,  87 ,110
"$150,000 to $199,999",,,, - ,  26 ,  30 ,  55 ,  43 ,  19 ,  35 ,19
"$200,000 or more",,,,,  64 ,  29 ,  43 ,  53 ,  29 ,  34 ,23
Median household income,Washington Park,"$30,170","$20,840","$16,102","$22,390","$24,311","$20,249","$22,922","$22,698","$24,152","$25,337"
,,,,,,,,,,,
41. Hyde Park,,,,,,,,,,,
Total,,"  14,264 ","  14,545 ","  13,668 ","  14,373 ","  12,539 ","  12,558 ","  12,445 ","  12,468 ","  12,529 ","12,602"
"Less than $10,000",,,,"  2,521 ","  2,016 ","  1,730 ","  1,823 ","  1,865 ","  1,844 ","  2,039 ","2,011"
"$10,000 to $14,999",,,,"  1,083 ",  958 ,  578 ,  652 ,  706 ,  738 ,  672 ,675
"$15,000 to $19,999",,,,"  1,273 ","  1,153 ",  586 ,  536 ,  443 ,  392 ,  444 ,426
"$20,000 to $24,999",,,,"  1,337 ",  899 ,  770 ,  761 ,  675 ,  570 ,  601 ,597
"$25,000 to $29,999",,,,"  1,017 ",  900 ,  896 ,  709 ,  681 ,  528 ,  523 ,495
"$30,000 to $34,999",,,,  981 ,"  1,086 ",  404 ,  621 ,  648 ,  616 ,  538 ,545
"$35,000 to $39,999",,,,  841 ,  798 ,  604 ,  522 ,  428 ,  450 ,  457 ,438
"$40,000 to $44,999",,,,  733 ,  701 ,  398 ,  364 ,  480 ,  530 ,  419 ,441
"$45,000 to $49,999",,,,  557 ,  574 ,  509 ,  508 ,  398 ,  438 ,  421 ,394
"$50,000 to $59,999",,,,  797 ,"  1,098 ",  963 ,  947 ,"  1,059 ","  1,039 ","  1,015 ","1,062"
"$60,000 to $74,999",,,,  814 ,"  1,235 ","  1,382 ","  1,377 ","  1,377 ","  1,459 ","  1,297 ","1,133"
"$75,000 to $99,999",,,,  676 ,  929 ,"  1,003 ","  1,062 ",  969 ,"  1,035 ","  1,161 ","1,358"
"$100,000 to $124,999",,,,  415 ,  645 ,  774 ,  778 ,  838 ,  931 ,  738 ,695
"$125,000 to $149,999",,,,  231 ,  450 ,  313 ,  425 ,  526 ,  456 ,  545 ,547
"$150,000 to $199,999",,,,  392 ,  470 ,  785 ,  621 ,  561 ,  530 ,  548 ,515
"$200,000 or more",,,,,  461 ,  844 ,  852 ,  791 ,  912 ,"  1,111 ","1,270"
Median household income,Hyde Park,"$49,303","$47,899","$53,064","$53,155","$51,290","$50,429","$50,545","$52,985","$52,554","$52,295"
,,,,,,,,,,,
42. Woodlawn,,,,,,,,,,,
Total,,"  19,014 ","  14,138 ","  10,441 ","  10,145 ","  10,302 ","  10,250 ","  10,267 ","  10,394 ","  10,381 ","10,481"
"Less than $10,000",,,,"  4,298 ","  3,321 ","  2,146 ","  2,238 ","  2,230 ","  2,377 ","  2,460 ","2,402"
"$10,000 to $14,999",,,,"  1,207 ","  1,205 ",  980 ,"  1,018 ",  943 ,  979 ,"  1,003 ","1,056"
"$15,000 to $19,999",,,,"  1,308 ",  780 ,  872 ,  901 ,  979 ,  994 ,  933 ,903
"$20,000 to $24,999",,,,  821 ,  642 ,  909 ,  936 ,  761 ,  869 ,  751 ,667
"$25,000 to $29,999",,,,  622 ,  806 ,  620 ,  604 ,  680 ,  555 ,  579 ,647
"$30,000 to $34,999",,,,  473 ,  580 ,  681 ,  588 ,  616 ,  533 ,  470 ,442
"$35,000 to $39,999",,,,  531 ,  429 ,  343 ,  430 ,  465 ,  458 ,  404 ,375
"$40,000 to $44,999",,,,  173 ,  337 ,  643 ,  559 ,  481 ,  423 ,  417 ,478
"$45,000 to $49,999",,,,  280 ,  342 ,  236 ,  183 ,  274 ,  286 ,  319 ,274
"$50,000 to $59,999",,,,  315 ,  598 ,  520 ,  486 ,  541 ,  493 ,  463 ,484
"$60,000 to $74,999",,,,  208 ,  442 ,  644 ,  711 ,  648 ,  660 ,  709 ,785
"$75,000 to $99,999",,,,  157 ,  352 ,  698 ,  722 ,  711 ,  913 ,  878 ,836
"$100,000 to $124,999",,,,  27 ,  195 ,  392 ,  366 ,  370 ,  323 ,  444 ,563
"$125,000 to $149,999",,,,  12 ,  15 ,  322 ,  231 ,  206 ,  194 ,  177 ,189
"$150,000 to $199,999",,,,  9 ,  53 ,  173 ,  175 ,  256 ,  242 ,  284 ,276
"$200,000 or more",,,,,  48 ,  123 ,  102 ,  106 ,  95 ,  90 ,104
Median household income,Woodlawn,"$32,793","$23,796","$26,214","$26,977","$28,703","$26,645","$27,486","$25,789","$25,960","$26,476"
,,,,,,,,,,,
43. South Shore,,,,,,,,,,,
Total,,"  32,102 ","  31,393 ","  25,253 ","  25,711 ","  21,700 ","  21,822 ","  21,416 ","  21,268 ","  21,504 ","21,420"
"Less than $10,000",,,,"  7,276 ","  5,576 ","  4,861 ","  4,928 ","  4,861 ","  4,971 ","  5,347 ","5,291"
"$10,000 to $14,999",,,,"  2,399 ","  2,046 ","  1,914 ","  1,882 ","  2,004 ","  1,996 ","  2,010 ","2,020"
"$15,000 to $19,999",,,,"  2,896 ","  1,818 ","  1,329 ","  1,664 ","  1,774 ","  2,126 ","  2,118 ","2,372"
"$20,000 to $24,999",,,,"  2,363 ","  2,113 ","  1,423 ","  1,569 ","  1,566 ","  1,337 ","  1,311 ","1,422"
"$25,000 to $29,999",,,,"  2,003 ","  2,198 ","  1,253 ","  1,226 ","  1,231 ","  1,072 ","  1,084 ",917
"$30,000 to $34,999",,,,"  1,645 ","  1,801 ","  1,283 ","  1,276 ","  1,126 ","  1,231 ","  1,279 ",864
"$35,000 to $39,999",,,,"  1,543 ","  1,697 ","  1,297 ","  1,039 ","  1,097 ","  1,118 ","  1,134 ","1,153"
"$40,000 to $44,999",,,,"  1,011 ","  1,489 ","  1,138 ","  1,050 ","  1,050 ",  926 ,  869 ,855
"$45,000 to $49,999",,,,  857 ,"  1,021 ",  763 ,  680 ,  563 ,  432 ,  551 ,567
"$50,000 to $59,999",,,,"  1,319 ","  1,713 ","  1,477 ","  1,431 ","  1,341 ","  1,299 ","  1,109 ","1,206"
"$60,000 to $74,999",,,,"  1,000 ","  1,585 ","  1,854 ","  1,700 ","  1,803 ","  1,720 ","  1,424 ","1,285"
"$75,000 to $99,999",,,,  593 ,"  1,459 ","  1,549 ","  1,634 ","  1,559 ","  1,469 ","  1,567 ","1,521"
"$100,000 to $124,999",,,,  174 ,  579 ,  831 ,  927 ,  720 ,  768 ,  801 ,968
"$125,000 to $149,999",,,,  54 ,  279 ,  325 ,  393 ,  345 ,  367 ,  352 ,362
"$150,000 to $199,999",,,,  120 ,  192 ,  265 ,  244 ,  186 ,  193 ,  242 ,289
"$200,000 or more",,,,,  145 ,  138 ,  179 ,  190 ,  243 ,  306 ,328
Median household income,South Side,"$49,641","$43,147","$38,505","$40,982","$32,400","$29,977","$27,916","$26,825","$25,468","$23,428"
,,,,,,,,,,,
44. Chatham,,,,,,,,,,,
Total,,"  16,442 ","  16,361 ","  15,349 ","  15,750 ","  14,098 ","  13,692 ","  13,469 ","  13,545 ","  13,517 ","13,650"
"Less than $10,000",,,,"  3,006 ","  2,297 ","  2,367 ","  2,432 ","  2,253 ","  2,439 ","  2,298 ","2,228"
"$10,000 to $14,999",,,,"  1,434 ","  1,178 ","  1,242 ","  1,130 ","  1,095 ","  1,081 ","  1,302 ","1,478"
"$15,000 to $19,999",,,,"  1,823 ","  1,216 ","  1,407 ","  1,250 ","  1,090 ","  1,033 ","  1,046 ","1,072"
"$20,000 to $24,999",,,,"  1,717 ","  1,395 ",  972 ,  930 ,  890 ,"  1,014 ",  896 ,835
"$25,000 to $29,999",,,,"  1,428 ","  1,186 ",  980 ,  819 ,  897 ,  946 ,  953 ,903
"$30,000 to $34,999",,,,"  1,248 ","  1,191 ",  728 ,  729 ,  644 ,  584 ,  560 ,594
"$35,000 to $39,999",,,,  899 ,"  1,144 ",  678 ,  849 ,  795 ,  870 ,  943 ,831
"$40,000 to $44,999",,,,  900 ,  920 ,  626 ,  621 ,  655 ,  523 ,  641 ,785
"$45,000 to $49,999",,,,  633 ,  740 ,  647 ,  523 ,  576 ,  565 ,  460 ,235
"$50,000 to $59,999",,,,  917 ,"  1,197 ","  1,151 ","  1,004 ","  1,017 ","  1,052 ","  1,093 ","1,225"
"$60,000 to $74,999",,,,  581 ,"  1,136 ","  1,082 ","  1,192 ","  1,155 ","  1,082 ",  899 ,918
"$75,000 to $99,999",,,,  566 ,"  1,054 ","  1,064 ","  1,046 ","  1,130 ","  1,184 ","  1,180 ","1,281"
"$100,000 to $124,999",,,,  119 ,  659 ,  471 ,  477 ,  541 ,  591 ,  662 ,528
"$125,000 to $149,999",,,,  46 ,  134 ,  289 ,  281 ,  293 ,  256 ,  269 ,295
"$150,000 to $199,999",,,,  32 ,  121 ,  296 ,  332 ,  332 ,  242 ,  233 ,266
"$200,000 or more",,,,,  182 ,  98 ,  77 ,  106 ,  83 ,  82 ,176
Median household income,Chatham,"$55,208","$49,360","$46,005","$47,765","$32,674","$33,585","$35,173","$33,290","$33,010","$32,450"
,,,,,,,,,,,
45. Avalon Park,,,,,,,,,,,
Total,,"  4,121 ","  4,276 ","  3,935 ","  4,050 ","  3,871 ","  3,940 ","  3,844 ","  3,790 ","  3,890 ","3,898"
"Less than $10,000",,,,  513 ,  300 ,  406 ,  478 ,  422 ,  565 ,  669 ,655
"$10,000 to $14,999",,,,  283 ,  270 ,  248 ,  236 ,  184 ,  223 ,  207 ,171
"$15,000 to $19,999",,,,  296 ,  212 ,  260 ,  223 ,  244 ,  247 ,  193 ,199
"$20,000 to $24,999",,,,  239 ,  278 ,  241 ,  281 ,  296 ,  379 ,  327 ,236
"$25,000 to $29,999",,,,  357 ,  271 ,  137 ,  77 ,  123 ,  117 ,  207 ,226
"$30,000 to $34,999",,,,  299 ,  243 ,  276 ,  255 ,  249 ,  169 ,  280 ,276
"$35,000 to $39,999",,,,  293 ,  251 ,  197 ,  173 ,  199 ,  146 ,  117 ,143
"$40,000 to $44,999",,,,  287 ,  227 ,  156 ,  206 ,  222 ,  185 ,  174 ,157
"$45,000 to $49,999",,,,  201 ,  185 ,  170 ,  228 ,  239 ,  226 ,  209 ,155
"$50,000 to $59,999",,,,  362 ,  379 ,  252 ,  195 ,  222 ,  259 ,  237 ,312
"$60,000 to $74,999",,,,  376 ,  501 ,  357 ,  296 ,  250 ,  274 ,  242 ,295
"$75,000 to $99,999",,,,  320 ,  522 ,  443 ,  509 ,  506 ,  353 ,  491 ,477
"$100,000 to $124,999",,,,  75 ,  254 ,  398 ,  418 ,  318 ,  252 ,  149 ,219
"$125,000 to $149,999",,,,  23 ,  84 ,  165 ,  202 ,  214 ,  241 ,  196 ,178
"$150,000 to $199,999",,,,  11 ,  38 ,  127 ,  120 ,  108 ,  122 ,  145 ,161
"$200,000 or more",,,,,  35 ,  38 ,  43 ,  48 ,  32 ,  47 ,38
Median household income,Avalon Park,"$68,257","$67,266","$66,344","$65,492","$48,633","$48,390","$46,317","$42,784","$38,467","$41,272"
,,,,,,,,,,,
46. South Chicago,,,,,,,,,,,
Total,,"  14,747 ","  14,379 ","  12,594 ","  12,586 ","  10,770 ","  10,555 ","  10,176 ","  10,190 ","  10,225 ","10,406"
"Less than $10,000",,,,"  2,874 ","  2,501 ","  1,703 ","  1,846 ","  1,687 ","  1,824 ","  1,734 ","1,595"
"$10,000 to $14,999",,,,"  1,342 ","  1,117 ","  1,167 ","  1,261 ","  1,081 ","  1,001 ","  1,116 ","1,040"
"$15,000 to $19,999",,,,"  1,400 ","  1,038 ",  900 ,  749 ,  894 ,  782 ,  844 ,960
"$20,000 to $24,999",,,,"  1,138 ",  986 ,  804 ,  827 ,  929 ,"  1,029 ",  890 ,887
"$25,000 to $29,999",,,,  998 ,  941 ,  734 ,  626 ,  550 ,  655 ,  691 ,787
"$30,000 to $34,999",,,,"  1,035 ",  867 ,  688 ,  709 ,  651 ,  519 ,  595 ,533
"$35,000 to $39,999",,,,  791 ,  779 ,  440 ,  444 ,  458 ,  536 ,  524 ,603
"$40,000 to $44,999",,,,  678 ,  589 ,  602 ,  723 ,  720 ,  625 ,  567 ,492
"$45,000 to $49,999",,,,  559 ,  470 ,  531 ,  481 ,  440 ,  493 ,  351 ,350
"$50,000 to $59,999",,,,  681 ,  922 ,  669 ,  526 ,  541 ,  450 ,  694 ,722
"$60,000 to $74,999",,,,  566 ,"  1,049 ",  806 ,  804 ,  721 ,  766 ,  791 ,816
"$75,000 to $99,999",,,,  360 ,  708 ,  801 ,  782 ,  726 ,  734 ,  707 ,814
"$100,000 to $124,999",,,,  116 ,  311 ,  395 ,  398 ,  320 ,  343 ,  361 ,408
"$125,000 to $149,999",,,,  36 ,  121 ,  248 ,  83 ,  124 ,  146 ,  165 ,174
"$150,000 to $199,999",,,,  20 ,  94 ,  204 ,  216 ,  253 ,  203 ,  153 ,182
"$200,000 or more",,,,,  93 ,  78 ,  80 ,  81 ,  84 ,  42 ,43
Median household income,South Chicago,"$51,439","$55,155","$43,766","$41,766","$32,671","$31,377","$30,603","$29,411","$29,394","$29,513"
,,,,,,,,,,,
47. Burnside,,,,,,,,,,,
Total,,"  1,017 ","  1,015 ",  972 ,  958 ,"  1,056 ",  962 ,  901 ,  887 ,  926 ,965
"Less than $10,000",,,,  130 ,  159 ,  162 ,  152 ,  106 ,  137 ,  157 ,160
"$10,000 to $14,999",,,,  113 ,  65 ,  183 ,  186 ,  120 ,  122 ,  108 ,98
"$15,000 to $19,999",,,,  123 ,  70 ,  154 ,  194 ,  167 ,  146 ,  115 ,99
"$20,000 to $24,999",,,,  106 ,  37 ,  11 ,  10 ,  55 ,  53 ,  93 ,127
"$25,000 to $29,999",,,,  54 ,  68 ,  67 ,  14 ,  26 ,  30 ,  49 ,49
"$30,000 to $34,999",,,,  112 ,  83 ,  105 ,  87 ,  83 ,  63 ,  70 ,34
"$35,000 to $39,999",,,,  38 ,  62 ,  45 ,  29 ,  51 ,  104 ,  71 ,76
"$40,000 to $44,999",,,,  42 ,  34 ,  11 ,  9 ,  18 ,  24 ,  36 ,59
"$45,000 to $49,999",,,,  88 ,  26 ,  12 ,  19 , - , - , - ,26
"$50,000 to $59,999",,,,  72 ,  98 ,  72 ,  102 ,  107 ,  38 ,  33 ,20
"$60,000 to $74,999",,,,  27 ,  117 ,  121 ,  81 ,  47 ,  18 ,  16 ,31
"$75,000 to $99,999",,,,  54 ,  66 ,  43 ,  28 ,  40 ,  54 ,  95 ,97
"$100,000 to $124,999",,,,  13 ,  32 , - , - ,  48 ,  74 ,  63 ,89
"$125,000 to $149,999",,,, - ,  4 ,  29 ,  16 , - , - , - ,-
"$150,000 to $199,999",,,, - ,  37 ,  21 ,  14 ,  27 ,  21 ,  10 ,-
"$200,000 or more",,,,, - ,  20 ,  21 ,  6 ,  3 ,  10 ,-
Median household income,Burnside,"$53,243","$63,019","$49,719","$51,382","$28,067","$19,369","$26,425","$24,347","$24,964","$24,925"
,,,,,,,,,,,
48. Calumet Heights,,,,,,,,,,,
Total,,"  5,985 ","  6,167 ","  5,809 ","  5,867 ","  5,586 ","  5,486 ","  5,325 ","  5,369 ","  5,298 ","5,271"
"Less than $10,000",,,,  500 ,  531 ,  352 ,  304 ,  298 ,  313 ,  403 ,333
"$10,000 to $14,999",,,,  287 ,  334 ,  193 ,  226 ,  245 ,  327 ,  378 ,339
"$15,000 to $19,999",,,,  320 ,  217 ,  290 ,  293 ,  278 ,  325 ,  283 ,354
"$20,000 to $24,999",,,,  412 ,  397 ,  261 ,  268 ,  330 ,  372 ,  412 ,411
"$25,000 to $29,999",,,,  526 ,  235 ,  352 ,  254 ,  222 ,  177 ,  189 ,228
"$30,000 to $34,999",,,,  519 ,  358 ,  214 ,  274 ,  279 ,  336 ,  272 ,251
"$35,000 to $39,999",,,,  466 ,  289 ,  148 ,  178 ,  249 ,  303 ,  302 ,271
"$40,000 to $44,999",,,,  405 ,  475 ,  342 ,  232 ,  243 ,  244 ,  233 ,192
"$45,000 to $49,999",,,,  285 ,  339 ,  318 ,  438 ,  376 ,  292 ,  280 ,269
"$50,000 to $59,999",,,,  627 ,  509 ,  575 ,  484 ,  516 ,  559 ,  601 ,563
"$60,000 to $74,999",,,,  680 ,  622 ,  569 ,  565 ,  468 ,  353 ,  303 ,327
"$75,000 to $99,999",,,,  494 ,  775 ,  845 ,  883 ,  823 ,  790 ,  758 ,686
"$100,000 to $124,999",,,,  197 ,  387 ,  488 ,  515 ,  484 ,  485 ,  522 ,497
"$125,000 to $149,999",,,,  71 ,  177 ,  175 ,  209 ,  234 ,  226 ,  173 ,227
"$150,000 to $199,999",,,,  20 ,  137 ,  304 ,  201 ,  165 ,  144 ,  118 ,168
"$200,000 or more",,,,,  85 ,  160 ,  162 ,  115 ,  123 ,  71 ,155
Median household income,Calumet Heights,"$74,885","$78,386","$73,271","$68,420","$59,078","$58,361","$54,443","$51,807","$49,238","$49,743"
,,,,,,,,,,,
49. Roseland,,,,,,,,,,,
Total,,"  18,994 ","  18,058 ","  16,929 ","  16,738 ","  15,524 ","  15,057 ","  14,649 ","  14,332 ","  14,492 ","14,330"
"Less than $10,000",,,,"  2,988 ","  2,106 ","  1,694 ","  1,763 ","  1,977 ","  1,942 ","  2,030 ","1,733"
"$10,000 to $14,999",,,,"  1,432 ","  1,054 ","  1,124 ","  1,143 ","  1,114 ","  1,062 ","  1,151 ","1,141"
"$15,000 to $19,999",,,,"  1,516 ",  966 ,"  1,100 ",  939 ,  930 ,"  1,048 ","  1,104 ","1,210"
"$20,000 to $24,999",,,,"  1,459 ","  1,159 ","  1,336 ","  1,258 ",  973 ,"  1,057 ","  1,047 ",877
"$25,000 to $29,999",,,,"  1,473 ","  1,128 ","  1,091 ",  904 ,  901 ,  826 ,  798 ,732
"$30,000 to $34,999",,,,"  1,253 ","  1,264 ",  884 ,"  1,112 ",  899 ,  840 ,  791 ,928
"$35,000 to $39,999",,,,"  1,236 ","  1,024 ",  898 ,  829 ,  854 ,  872 ,  786 ,738
"$40,000 to $44,999",,,,  977 ,"  1,023 ",  734 ,  725 ,  645 ,  625 ,  648 ,720
"$45,000 to $49,999",,,,  860 ,"  1,028 ",  869 ,  735 ,  736 ,  727 ,  680 ,733
"$50,000 to $59,999",,,,"  1,391 ","  1,319 ","  1,415 ","  1,393 ","  1,355 ","  1,015 ",  961 ,881
"$60,000 to $74,999",,,,"  1,299 ","  1,766 ","  1,384 ","  1,486 ","  1,443 ","  1,325 ","  1,273 ","1,341"
"$75,000 to $99,999",,,,  749 ,"  1,629 ","  1,416 ","  1,290 ","  1,306 ","  1,238 ","  1,399 ","1,416"
"$100,000 to $124,999",,,,  145 ,  776 ,  746 ,  654 ,  781 ,  878 ,  940 ,"1,004"
"$125,000 to $149,999",,,,  68 ,  216 ,  436 ,  474 ,  370 ,  495 ,  423 ,358
"$150,000 to $199,999",,,,  83 ,  180 ,  235 ,  240 ,  287 ,  258 ,  285 ,305
"$200,000 or more",,,,,  100 ,  162 ,  112 ,  78 ,  124 ,  176 ,213
Median household income,Roseland,"$59,011","$58,621","$54,807","$56,473","$40,519","$39,411","$39,442","$38,491","$37,844","$38,569"
,,,,,,,,,,,
50. Pullman,,,,,,,,,,,
Total,,"  3,532 ","  3,384 ","  3,325 ","  3,270 ","  2,984 ","  2,915 ","  2,927 ","  2,894 ","  2,967 ","3,083"
"Less than $10,000",,,,  648 ,  492 ,  352 ,  359 ,  416 ,  372 ,  424 ,398
"$10,000 to $14,999",,,,  247 ,  292 ,  333 ,  310 ,  386 ,  383 ,  338 ,287
"$15,000 to $19,999",,,,  330 ,  266 ,  128 ,  132 ,  128 ,  182 ,  164 ,200
"$20,000 to $24,999",,,,  418 ,  263 ,  156 ,  175 ,  129 ,  148 ,  160 ,129
"$25,000 to $29,999",,,,  268 ,  264 ,  159 ,  199 ,  196 ,  195 ,  197 ,187
"$30,000 to $34,999",,,,  249 ,  264 ,  189 ,  154 ,  150 ,  139 ,  139 ,169
"$35,000 to $39,999",,,,  227 ,  132 ,  78 ,  101 ,  89 ,  81 ,  142 ,138
"$40,000 to $44,999",,,,  162 ,  174 ,  165 ,  168 ,  138 ,  150 ,  251 ,253
"$45,000 to $49,999",,,,  192 ,  175 ,  168 ,  151 ,  138 ,  145 ,  183 ,220
"$50,000 to $59,999",,,,  214 ,  254 ,  291 ,  308 ,  256 ,  224 ,  135 ,201
"$60,000 to $74,999",,,,  221 ,  351 ,  286 ,  239 ,  280 ,  275 ,  235 ,266
"$75,000 to $99,999",,,,  125 ,  192 ,  475 ,  440 ,  350 ,  337 ,  301 ,325
"$100,000 to $124,999",,,,  12 ,  113 ,  142 ,  110 ,  209 ,  191 ,  192 ,183
"$125,000 to $149,999",,,,  12 ,  31 ,  47 ,  44 ,  43 ,  34 ,  53 ,46
"$150,000 to $199,999",,,, - ,  3 ,  3 ,  6 ,  12 ,  31 ,  40 ,66
"$200,000 or more",,,,,  4 ,  12 ,  19 ,  7 ,  7 ,  13 ,15
Median household income,Pullman,"$55,581","$59,892","$48,698","$45,734","$45,859","$43,026","$39,669","$38,010","$37,951","$40,583"
,,,,,,,,,,,
51. South Deering,,,,,,,,,,,
Total,,"  5,545 ","  5,669 ","  5,487 ","  5,608 ","  5,332 ","  5,050 ","  5,002 ","  5,068 ","  5,012 ","5,009"
"Less than $10,000",,,,  904 ,  918 ,  911 ,  837 ,  825 ,  875 ,  825 ,819
"$10,000 to $14,999",,,,  345 ,  302 ,  455 ,  366 ,  387 ,  351 ,  462 ,379
"$15,000 to $19,999",,,,  587 ,  441 ,  383 ,  466 ,  382 ,  470 ,  403 ,399
"$20,000 to $24,999",,,,  440 ,  332 ,  458 ,  417 ,  368 ,  288 ,  315 ,398
"$25,000 to $29,999",,,,  640 ,  389 ,  356 ,  364 ,  357 ,  267 ,  249 ,313
"$30,000 to $34,999",,,,  423 ,  438 ,  226 ,  253 ,  251 ,  279 ,  309 ,240
"$35,000 to $39,999",,,,  437 ,  320 ,  200 ,  175 ,  257 ,  357 ,  356 ,234
"$40,000 to $44,999",,,,  498 ,  320 ,  353 ,  356 ,  332 ,  317 ,  274 ,283
"$45,000 to $49,999",,,,  223 ,  263 ,  153 ,  142 ,  152 ,  214 ,  176 ,215
"$50,000 to $59,999",,,,  358 ,  419 ,  358 ,  388 ,  319 ,  315 ,  408 ,377
"$60,000 to $74,999",,,,  374 ,  605 ,  625 ,  522 ,  501 ,  515 ,  520 ,459
"$75,000 to $99,999",,,,  192 ,  406 ,  500 ,  455 ,  439 ,  371 ,  393 ,460
"$100,000 to $124,999",,,,  45 ,  262 ,  192 ,  137 ,  212 ,  248 ,  194 ,253
"$125,000 to $149,999",,,,  8 ,  56 ,  103 ,  103 ,  127 ,  89 ,  56 ,69
"$150,000 to $199,999",,,,  13 ,  60 ,  42 ,  50 ,  70 ,  64 ,  47 ,97
"$200,000 or more",,,,,  77 ,  17 ,  19 ,  23 ,  48 ,  25 ,14
Median household income,South Deering,"$62,471","$62,261","$54,676","$51,380","$34,427","$33,111","$34,806","$36,377","$34,819","$33,998"
,,,,,,,,,,,
52. East Side,,,,,,,,,,,
Total,,"  7,757 ","  7,436 ","  7,071 ","  7,320 ","  6,900 ","  6,777 ","  6,719 ","  6,810 ","  6,836 ","6,843"
"Less than $10,000",,,,"  1,082 ",  696 ,  537 ,  540 ,  441 ,  516 ,  507 ,452
"$10,000 to $14,999",,,,  691 ,  534 ,  413 ,  327 ,  335 ,  336 ,  345 ,284
"$15,000 to $19,999",,,,  697 ,  400 ,  613 ,  548 ,  476 ,  443 ,  580 ,546
"$20,000 to $24,999",,,,  710 ,  536 ,  346 ,  412 ,  496 ,  411 ,  356 ,451
"$25,000 to $29,999",,,,  605 ,  481 ,  454 ,  449 ,  446 ,  563 ,  493 ,583
"$30,000 to $34,999",,,,  694 ,  524 ,  561 ,  483 ,  443 ,  409 ,  500 ,370
"$35,000 to $39,999",,,,  596 ,  514 ,  372 ,  389 ,  436 ,  453 ,  428 ,440
"$40,000 to $44,999",,,,  455 ,  504 ,  301 ,  373 ,  383 ,  399 ,  359 ,460
"$45,000 to $49,999",,,,  363 ,  558 ,  304 ,  318 ,  276 ,  302 ,  252 ,185
"$50,000 to $59,999",,,,  549 ,  678 ,  458 ,  488 ,  471 ,  503 ,  574 ,562
"$60,000 to $74,999",,,,  361 ,  829 ,  868 ,  815 ,  776 ,  656 ,  575 ,586
"$75,000 to $99,999",,,,  201 ,  651 ,  664 ,  697 ,  749 ,  904 ,  948 ,934
"$100,000 to $124,999",,,,  49 ,  239 ,  445 ,  471 ,  486 ,  435 ,  447 ,497
"$125,000 to $149,999",,,,  10 ,  60 ,  285 ,  156 ,  204 ,  227 ,  223 ,224
"$150,000 to $199,999",,,,  8 ,  49 ,  198 ,  245 ,  241 ,  152 ,  125 ,148
"$200,000 or more",,,,,  67 ,  81 ,  66 ,  60 ,  101 ,  124 ,121
Median household income,East Side,"$64,180","$68,438","$52,907","$58,669","$45,462","$45,510","$45,335","$44,947","$43,844","$43,065"
,,,,,,,,,,,
53. West Pullman,,,,,,,,,,,
Total,,"  12,184 ","  11,732 ","  10,718 ","  10,688 ","  9,375 ","  9,278 ","  9,154 ","  9,054 ","  9,184 ","9,133"
"Less than $10,000",,,,"  1,793 ","  1,628 ","  1,166 ","  1,290 ","  1,392 ","  1,345 ","  1,271 ","1,168"
"$10,000 to $14,999",,,,  585 ,  588 ,  723 ,  508 ,  606 ,  613 ,  622 ,540
"$15,000 to $19,999",,,,"  1,033 ",  444 ,  709 ,  851 ,  894 ,  912 ,  902 ,849
"$20,000 to $24,999",,,,  746 ,  718 ,  633 ,  770 ,  646 ,  685 ,  789 ,767
"$25,000 to $29,999",,,,  882 ,  648 ,  507 ,  514 ,  479 ,  475 ,  424 ,415
"$30,000 to $34,999",,,,  958 ,  600 ,  542 ,  636 ,  676 ,  639 ,  548 ,526
"$35,000 to $39,999",,,,  906 ,  640 ,  426 ,  484 ,  399 ,  372 ,  445 ,481
"$40,000 to $44,999",,,,  635 ,  726 ,  461 ,  467 ,  415 ,  393 ,  467 ,525
"$45,000 to $49,999",,,,  604 ,  643 ,  308 ,  344 ,  320 ,  304 ,  359 ,279
"$50,000 to $59,999",,,,"  1,164 ",  888 ,  790 ,  692 ,  731 ,  720 ,  646 ,678
"$60,000 to $74,999",,,,  787 ,"  1,023 ","  1,074 ",  848 ,  838 ,  797 ,  805 ,848
"$75,000 to $99,999",,,,  477 ,"  1,172 ",  993 ,  982 ,  935 ,  918 ,  860 ,907
"$100,000 to $124,999",,,,  72 ,  559 ,  532 ,  465 ,  383 ,  394 ,  506 ,457
"$125,000 to $149,999",,,,  58 ,  155 ,  192 ,  180 ,  196 ,  202 ,  225 ,309
"$150,000 to $199,999",,,,  18 ,  130 ,  197 ,  138 ,  130 ,  173 ,  225 ,290
"$200,000 or more",,,,,  126 ,  122 ,  109 ,  114 ,  112 ,  90 ,94
Median household income,West Pullman,"$62,785","$63,516","$60,743","$59,783","$42,600","$37,651","$35,363","$35,038","$36,247","$37,993"
,,,,,,,,,,,
54. Riverdale,,,,,,,,,,,
Total,,"  3,377 ","  3,393 ","  3,133 ","  2,876 ","  2,322 ","  2,293 ","  2,316 ","  2,294 ","  2,409 ","2,428"
"Less than $10,000",,,,"  1,993 ","  1,175 ",  743 ,  720 ,  733 ,  802 ,  913 ,"1,018"
"$10,000 to $14,999",,,,  208 ,  372 ,  497 ,  532 ,  484 ,  356 ,  340 ,293
"$15,000 to $19,999",,,,  199 ,  248 ,  141 ,  186 ,  173 ,  225 ,  228 ,209
"$20,000 to $24,999",,,,  158 ,  204 ,  189 ,  205 ,  155 ,  160 ,  157 ,156
"$25,000 to $29,999",,,,  102 ,  169 ,  87 ,  130 ,  214 ,  268 ,  261 ,208
"$30,000 to $34,999",,,,  80 ,  129 ,  116 ,  87 ,  109 ,  126 ,  61 ,94
"$35,000 to $39,999",,,,  110 ,  81 ,  143 ,  82 ,  79 ,  67 ,  95 ,45
"$40,000 to $44,999",,,,  61 ,  120 ,  55 ,  43 ,  63 ,  38 ,  90 ,100
"$45,000 to $49,999",,,,  93 ,  86 ,  60 ,  35 ,  28 ,  35 ,  41 ,61
"$50,000 to $59,999",,,,  85 ,  127 ,  121 ,  105 ,  102 ,  61 ,  58 ,68
"$60,000 to $74,999",,,,  33 ,  80 ,  63 ,  70 ,  69 ,  49 ,  56 ,50
"$75,000 to $99,999",,,,  11 ,  40 ,  107 ,  98 ,  92 ,  91 ,  61 ,46
"$100,000 to $124,999",,,, - ,  22 , - , - ,  15 ,  16 ,  40 ,63
"$125,000 to $149,999",,,, - ,  13 , - , - , - , - , - ,-
"$150,000 to $199,999",,,, - ,  5 , - , - , - , - , - ,-
"$200,000 or more",,,,,  5 , - , - , - , - ,  8 ,17
Median household income,Riverdale,"$33,565","$29,032","$12,266","$19,463","$14,901","$15,075","$15,148","$15,482","$14,412","$14,361"
,,,,,,,,,,,
55. Hegewisch,,,,,,,,,,,
Total,,"  3,314 ","  4,157 ","  3,860 ","  3,809 ","  3,694 ","  3,601 ","  3,549 ","  3,539 ","  3,575 ","3,499"
"Less than $10,000",,,,  547 ,  257 ,  346 ,  374 ,  355 ,  355 ,  377 ,204
"$10,000 to $14,999",,,,  420 ,  247 ,  236 ,  244 ,  201 ,  255 ,  234 ,331
"$15,000 to $19,999",,,,  335 ,  302 ,  157 ,  162 ,  231 ,  179 ,  243 ,217
"$20,000 to $24,999",,,,  272 ,  247 ,  246 ,  169 ,  158 ,  159 ,  74 ,68
"$25,000 to $29,999",,,,  270 ,  202 ,  252 ,  293 ,  243 ,  272 ,  226 ,196
"$30,000 to $34,999",,,,  312 ,  271 ,  257 ,  152 ,  142 ,  150 ,  127 ,177
"$35,000 to $39,999",,,,  306 ,  230 ,  197 ,  195 ,  183 ,  87 ,  87 ,145
"$40,000 to $44,999",,,,  348 ,  197 ,  151 ,  145 ,  175 ,  184 ,  155 ,151
"$45,000 to $49,999",,,,  195 ,  209 ,  169 ,  107 ,  88 ,  122 ,  64 ,120
"$50,000 to $59,999",,,,  241 ,  376 ,  194 ,  251 ,  253 ,  221 ,  239 ,255
"$60,000 to $74,999",,,,  294 ,  488 ,  325 ,  360 ,  358 ,  289 ,  323 ,391
"$75,000 to $99,999",,,,  246 ,  416 ,  518 ,  505 ,  478 ,  486 ,  557 ,424
"$100,000 to $124,999",,,,  52 ,  237 ,  260 ,  276 ,  296 ,  453 ,  478 ,434
"$125,000 to $149,999",,,,  22 ,  52 ,  89 ,  111 ,  96 ,  37 ,  60 ,118
"$150,000 to $199,999",,,, - ,  60 ,  212 ,  214 ,  260 ,  259 ,  284 ,179
"$200,000 or more",,,,,  18 ,  85 ,  43 ,  32 ,  31 ,  47 ,89
Median household income,Hegewisch,"$63,711","$69,099","$59,984","$64,490","$48,360","$50,704","$51,859","$52,157","$59,622","$55,102"
,,,,,,,,,,,
56. Garfield Ridge,,,,,,,,,,,
Total,,"  12,212 ","  12,624 ","  12,367 ","  12,915 ","  11,952 ","  11,874 ","  11,942 ","  12,038 ","  12,033 ","12,179"
"Less than $10,000",,,,"  1,734 ","  1,155 ",  502 ,  496 ,  491 ,  458 ,  391 ,404
"$10,000 to $14,999",,,,"  1,065 ",  834 ,  577 ,  555 ,  545 ,  567 ,  592 ,459
"$15,000 to $19,999",,,,  892 ,  923 ,  692 ,  614 ,  597 ,  571 ,  500 ,470
"$20,000 to $24,999",,,,  978 ,  742 ,  443 ,  449 ,  552 ,  552 ,  598 ,523
"$25,000 to $29,999",,,,  922 ,  758 ,  581 ,  683 ,  749 ,  681 ,  589 ,497
"$30,000 to $34,999",,,,  974 ,  568 ,  693 ,  640 ,  635 ,  691 ,  600 ,634
"$35,000 to $39,999",,,,"  1,026 ",  736 ,  334 ,  347 ,  424 ,  494 ,  462 ,414
"$40,000 to $44,999",,,,  885 ,  683 ,  534 ,  460 ,  484 ,  547 ,  563 ,597
"$45,000 to $49,999",,,,  783 ,  612 ,  521 ,  375 ,  297 ,  452 ,  492 ,415
"$50,000 to $59,999",,,,  998 ,"  1,263 ","  1,046 ","  1,038 ","  1,025 ",  939 ,  954 ,936
"$60,000 to $74,999",,,,"  1,262 ","  1,304 ","  1,274 ","  1,438 ","  1,267 ","  1,198 ","  1,323 ","1,359"
"$75,000 to $99,999",,,,  570 ,"  1,680 ","  1,863 ","  1,874 ","  1,565 ","  1,545 ","  1,408 ","1,517"
"$100,000 to $124,999",,,,  182 ,  994 ,"  1,106 ","  1,093 ","  1,227 ","  1,316 ","  1,334 ","1,448"
"$125,000 to $149,999",,,,  58 ,  408 ,  745 ,  752 ,  865 ,  820 ,  855 ,787
"$150,000 to $199,999",,,,  38 ,  173 ,  810 ,  779 ,  849 ,  812 ,  921 ,"1,158"
"$200,000 or more",,,,,  82 ,  231 ,  281 ,  370 ,  395 ,  451 ,561
Median household income,Garfield Ridge,"$71,224","$70,194","$62,962","$67,106","$64,823","$65,893","$64,081","$62,980","$64,159","$67,340"
,,,,,,,,,,,
57. Archer Heights,,,,,,,,,,,
Total,,"  3,759 ","  3,689 ","  3,596 ","  4,022 ","  3,740 ","  3,807 ","  3,924 ","  3,845 ","  3,912 ","3,900"
"Less than $10,000",,,,  399 ,  270 ,  198 ,  171 ,  210 ,  230 ,  257 ,197
"$10,000 to $14,999",,,,  302 ,  266 ,  125 ,  133 ,  140 ,  148 ,  154 ,156
"$15,000 to $19,999",,,,  374 ,  261 ,  154 ,  174 ,  201 ,  158 ,  213 ,188
"$20,000 to $24,999",,,,  261 ,  323 ,  279 ,  348 ,  321 ,  355 ,  323 ,340
"$25,000 to $29,999",,,,  317 ,  304 ,  390 ,  263 ,  281 ,  266 ,  198 ,253
"$30,000 to $34,999",,,,  400 ,  319 ,  211 ,  268 ,  316 ,  304 ,  315 ,279
"$35,000 to $39,999",,,,  218 ,  298 ,  368 ,  352 ,  390 ,  283 ,  256 ,256
"$40,000 to $44,999",,,,  285 ,  223 ,  275 ,  260 ,  234 ,  263 ,  243 ,218
"$45,000 to $49,999",,,,  211 ,  200 ,  146 ,  138 ,  167 ,  125 ,  139 ,194
"$50,000 to $59,999",,,,  326 ,  411 ,  299 ,  367 ,  372 ,  434 ,  406 ,381
"$60,000 to $74,999",,,,  249 ,  427 ,  516 ,  418 ,  397 ,  421 ,  382 ,389
"$75,000 to $99,999",,,,  191 ,  358 ,  358 ,  363 ,  348 ,  318 ,  384 ,385
"$100,000 to $124,999",,,,  36 ,  220 ,  133 ,  218 ,  247 ,  271 ,  332 ,339
"$125,000 to $149,999",,,,  17 ,  61 ,  146 ,  168 ,  173 ,  155 ,  162 ,182
"$150,000 to $199,999",,,,  10 ,  48 ,  115 ,  140 ,  111 ,  93 ,  118 ,97
"$200,000 or more",,,,,  33 ,  27 ,  26 ,  16 ,  21 ,  30 ,46
Median household income,Archer Heights,"$65,308","$62,264","$60,749","$58,236","$45,506","$46,066","$43,700","$44,893","$46,053","$46,512"
,,,,,,,,,,,
58. Brighton Park,,,,,,,,,,,
Total,,"  12,451 ","  12,214 ","  11,592 ","  12,461 ","  11,572 ","  11,720 ","  11,984 ","  12,030 ","  12,185 ","12,314"
"Less than $10,000",,,,"  1,786 ","  1,134 ",  837 ,  872 ,  919 ,  894 ,  837 ,815
"$10,000 to $14,999",,,,"  1,090 ","  1,023 ",  754 ,  730 ,  814 ,  744 ,  803 ,824
"$15,000 to $19,999",,,,"  1,363 ",  982 ,  806 ,  844 ,  875 ,  915 ,  912 ,876
"$20,000 to $24,999",,,,"  1,368 ","  1,093 ","  1,050 ","  1,010 ",  970 ,  987 ,  903 ,870
"$25,000 to $29,999",,,,"  1,053 ",  795 ,"  1,093 ","  1,237 ","  1,383 ","  1,302 ","  1,103 ","1,049"
"$30,000 to $34,999",,,,"  1,032 ",  963 ,  804 ,  886 ,  901 ,  981 ,  830 ,804
"$35,000 to $39,999",,,,  884 ,  872 ,  852 ,  926 ,  862 ,  891 ,  959 ,823
"$40,000 to $44,999",,,,  693 ,  760 ,  766 ,  877 ,  922 ,  939 ,  890 ,935
"$45,000 to $49,999",,,,  514 ,  811 ,  569 ,  683 ,  673 ,  613 ,  547 ,737
"$50,000 to $59,999",,,,  774 ,"  1,249 ",  996 ,  889 ,  889 ,  950 ,"  1,091 ",944
"$60,000 to $74,999",,,,  579 ,"  1,186 ","  1,291 ","  1,033 ","  1,049 ","  1,015 ","  1,043 ","1,154"
"$75,000 to $99,999",,,,  364 ,  890 ,  880 ,  850 ,  888 ,  937 ,"  1,062 ","1,154"
"$100,000 to $124,999",,,,  44 ,  440 ,  413 ,  472 ,  444 ,  440 ,  535 ,552
"$125,000 to $149,999",,,,  35 ,  137 ,  271 ,  203 ,  217 ,  192 ,  284 ,306
"$150,000 to $199,999",,,,  13 ,  70 ,  133 ,  92 ,  89 ,  94 ,  191 ,283
"$200,000 or more",,,,,  56 ,  57 ,  116 ,  89 ,  136 ,  195 ,188
Median household income,Brighton Park,"$54,180","$50,024","$49,433","$53,531","$40,093","$38,406","$37,062","$37,324","$39,492","$40,453"
,,,,,,,,,,,
59. McKinley Park,,,,,,,,,,,
Total,,"  5,116 ","  4,810 ","  4,626 ","  5,094 ","  5,185 ","  5,142 ","  5,135 ","  5,166 ","  5,158 ","5,140"
"Less than $10,000",,,,  701 ,  461 ,  439 ,  484 ,  521 ,  486 ,  497 ,477
"$10,000 to $14,999",,,,  397 ,  373 ,  264 ,  326 ,  267 ,  328 ,  251 ,264
"$15,000 to $19,999",,,,  503 ,  315 ,  414 ,  347 ,  396 ,  342 ,  305 ,357
"$20,000 to $24,999",,,,  526 ,  425 ,  429 ,  384 ,  309 ,  279 ,  331 ,291
"$25,000 to $29,999",,,,  446 ,  507 ,  287 ,  279 ,  298 ,  259 ,  345 ,249
"$30,000 to $34,999",,,,  449 ,  391 ,  331 ,  401 ,  361 ,  407 ,  397 ,367
"$35,000 to $39,999",,,,  394 ,  334 ,  333 ,  271 ,  334 ,  322 ,  295 ,309
"$40,000 to $44,999",,,,  275 ,  351 ,  316 ,  244 ,  164 ,  209 ,  226 ,261
"$45,000 to $49,999",,,,  212 ,  292 ,  220 ,  264 ,  334 ,  383 ,  353 ,276
"$50,000 to $59,999",,,,  304 ,  471 ,  500 ,  533 ,  453 ,  493 ,  494 ,522
"$60,000 to $74,999",,,,  237 ,  485 ,  558 ,  559 ,  588 ,  551 ,  486 ,386
"$75,000 to $99,999",,,,  145 ,  384 ,  586 ,  486 ,  543 ,  497 ,  452 ,506
"$100,000 to $124,999",,,,  30 ,  156 ,  221 ,  220 ,  210 ,  251 ,  316 ,381
"$125,000 to $149,999",,,,  7 ,  81 ,  161 ,  162 ,  178 ,  161 ,  159 ,232
"$150,000 to $199,999",,,, - ,  28 ,  106 ,  160 ,  137 ,  150 ,  175 ,193
"$200,000 or more",,,,,  40 ,  20 ,  22 ,  42 ,  48 ,  76 ,69
Median household income,McKinley Park,"$55,082","$50,969","$51,001","$53,184","$44,344","$43,832","$44,028","$45,395","$44,470","$44,893"
,,,,,,,,,,,
60. Bridgeport,,,,,,,,,,,
Total,,"  11,543 ","  11,377 ","  10,791 ","  12,282 ","  12,140 ","  12,056 ","  12,149 ","  12,536 ","  12,557 ","12,751"
"Less than $10,000",,,,"  2,122 ","  1,611 ","  1,019 ","  1,117 ","  1,161 ","  1,121 ","  1,167 ","1,256"
"$10,000 to $14,999",,,,"  1,026 ",  922 ,  876 ,  838 ,  878 ,  904 ,  780 ,675
"$15,000 to $19,999",,,,"  1,231 ",  874 ,  906 ,  917 ,  794 ,  829 ,  773 ,748
"$20,000 to $24,999",,,,"  1,003 ",  853 ,  878 ,  831 ,  790 ,  878 ,  892 ,770
"$25,000 to $29,999",,,,"  1,011 ",  827 ,  679 ,  630 ,  746 ,  735 ,  755 ,694
"$30,000 to $34,999",,,,  930 ,  968 ,  677 ,  785 ,  877 ,  874 ,  949 ,948
"$35,000 to $39,999",,,,  721 ,  717 ,  632 ,  661 ,  641 ,  562 ,  564 ,563
"$40,000 to $44,999",,,,  569 ,  519 ,  456 ,  482 ,  514 ,  593 ,  752 ,652
"$45,000 to $49,999",,,,  541 ,  605 ,  574 ,  585 ,  549 ,  443 ,  442 ,493
"$50,000 to $59,999",,,,  650 ,"  1,036 ",  950 ,  973 ,  897 ,  869 ,  865 ,935
"$60,000 to $74,999",,,,  563 ,"  1,101 ","  1,274 ","  1,083 ","  1,133 ","  1,223 ","  1,238 ","1,152"
"$75,000 to $99,999",,,,  261 ,"  1,208 ","  1,433 ","  1,407 ","  1,435 ","  1,384 ","  1,276 ","1,369"
"$100,000 to $124,999",,,,  91 ,  530 ,  692 ,  672 ,  636 ,  828 ,  779 ,"1,001"
"$125,000 to $149,999",,,,  51 ,  249 ,  341 ,  410 ,  421 ,  476 ,  441 ,392
"$150,000 to $199,999",,,,  21 ,  127 ,  422 ,  383 ,  386 ,  481 ,  545 ,666
"$200,000 or more",,,,,  135 ,  331 ,  282 ,  291 ,  336 ,  339 ,437
Median household income,Bridgeport,"$50,389","$46,267","$48,015","$52,482","$47,538","$44,842","$43,338","$44,579","$43,564","$45,651"
,,,,,,,,,,,
61. New City,,,,,,,,,,,
Total,,"  19,286 ","  17,100 ","  14,272 ","  13,977 ","  11,621 ","  11,394 ","  11,533 ","  11,736 ","  11,978 ","12,139"
"Less than $10,000",,,,"  4,132 ","  3,093 ","  1,381 ","  1,315 ","  1,422 ","  1,457 ","  1,350 ","1,315"
"$10,000 to $14,999",,,,"  1,491 ","  1,246 ",  897 ,  814 ,  836 ,  823 ,  911 ,851
"$15,000 to $19,999",,,,"  1,618 ","  1,322 ",  898 ,"  1,085 ","  1,183 ","  1,306 ","  1,252 ","1,147"
"$20,000 to $24,999",,,,"  1,366 ","  1,177 ","  1,016 ","  1,019 ","  1,148 ","  1,067 ","  1,291 ","1,305"
"$25,000 to $29,999",,,,"  1,080 ","  1,007 ",  982 ,"  1,009 ","  1,040 ","  1,124 ","  1,071 ","1,003"
"$30,000 to $34,999",,,,"  1,003 ",  813 ,"  1,019 ",  958 ,  843 ,  981 ,  854 ,770
"$35,000 to $39,999",,,,  820 ,  779 ,  714 ,  738 ,  775 ,  682 ,  764 ,879
"$40,000 to $44,999",,,,  699 ,  679 ,  506 ,  526 ,  604 ,  682 ,  667 ,739
"$45,000 to $49,999",,,,  615 ,  592 ,  587 ,  517 ,  357 ,  319 ,  379 ,503
"$50,000 to $59,999",,,,  632 ,  908 ,  835 ,  832 ,  842 ,  779 ,  836 ,831
"$60,000 to $74,999",,,,  525 ,"  1,021 ",  990 ,  904 ,  827 ,  807 ,  943 ,"1,103"
"$75,000 to $99,999",,,,  229 ,  687 ,  992 ,  850 ,  879 ,  922 ,  889 ,861
"$100,000 to $124,999",,,,  36 ,  370 ,  402 ,  411 ,  371 ,  379 ,  350 ,350
"$125,000 to $149,999",,,,  17 ,  92 ,  147 ,  156 ,  130 ,  148 ,  220 ,215
"$150,000 to $199,999",,,,  9 ,  55 ,  192 ,  199 ,  232 ,  199 ,  138 ,199
"$200,000 or more",,,,,  136 ,  63 ,  61 ,  44 ,  61 ,  63 ,68
Median household income,New City,"$49,825","$40,516","$37,641","$37,879","$35,281","$33,980","$31,916","$31,551","$31,349","$32,740"
,,,,,,,,,,,
62. West Elsdon,,,,,,,,,,,
Total,,"  4,560 ","  4,833 ","  4,889 ","  5,095 ","  5,027 ","  5,076 ","  5,081 ","  5,082 ","  5,120 ","5,137"
"Less than $10,000",,,,  536 ,  344 ,  285 ,  255 ,  283 ,  298 ,  265 ,176
"$10,000 to $14,999",,,,  395 ,  348 ,  163 ,  204 ,  224 ,  280 ,  199 ,161
"$15,000 to $19,999",,,,  464 ,  250 ,  285 ,  265 ,  222 ,  181 ,  206 ,201
"$20,000 to $24,999",,,,  470 ,  399 ,  295 ,  357 ,  378 ,  422 ,  316 ,316
"$25,000 to $29,999",,,,  476 ,  228 ,  296 ,  223 ,  187 ,  196 ,  286 ,303
"$30,000 to $34,999",,,,  477 ,  301 ,  477 ,  472 ,  430 ,  292 ,  230 ,235
"$35,000 to $39,999",,,,  381 ,  341 ,  300 ,  366 ,  481 ,  505 ,  466 ,389
"$40,000 to $44,999",,,,  442 ,  322 ,  324 ,  324 ,  343 ,  383 ,  272 ,253
"$45,000 to $49,999",,,,  218 ,  214 ,  284 ,  344 ,  335 ,  261 ,  282 ,292
"$50,000 to $59,999",,,,  388 ,  599 ,  484 ,  390 ,  380 ,  481 ,  472 ,497
"$60,000 to $74,999",,,,  347 ,  712 ,  472 ,  488 ,  516 ,  511 ,  639 ,674
"$75,000 to $99,999",,,,  215 ,  653 ,  780 ,  706 ,  602 ,  565 ,  605 ,586
"$100,000 to $124,999",,,,  60 ,  234 ,  413 ,  473 ,  463 ,  372 ,  408 ,427
"$125,000 to $149,999",,,, - ,  102 ,  93 ,  158 ,  167 ,  243 ,  359 ,427
"$150,000 to $199,999",,,,  20 ,  39 ,  47 ,  23 ,  45 ,  62 ,  63 ,129
"$200,000 or more",,,,,  9 ,  29 ,  28 ,  25 ,  30 ,  52 ,71
Median household income,West Elsdon,"$68,078","$64,334","$59,246","$66,919","$49,761","$48,527","$46,630","$46,460","$51,941","$54,411"
,,,,,,,,,,,
63. Gage Park,,,,,,,,,,,
Total,,"  9,418 ","  9,340 ","  8,893 ","  9,709 ","  9,405 ","  9,393 ","  9,451 ","  9,742 ","  9,720 ","9,672"
"Less than $10,000",,,,"  1,311 ","  1,117 ",  689 ,  713 ,  717 ,  693 ,  606 ,522
"$10,000 to $14,999",,,,  722 ,  684 ,  519 ,  503 ,  494 ,  577 ,  527 ,481
"$15,000 to $19,999",,,,  803 ,  691 ,  665 ,  766 ,  848 ,  796 ,  772 ,643
"$20,000 to $24,999",,,,  928 ,  727 ,  804 ,  595 ,  713 ,  799 ,  793 ,881
"$25,000 to $29,999",,,,  720 ,  733 ,  886 ,  962 ,  802 ,  788 ,  796 ,653
"$30,000 to $34,999",,,,  849 ,  676 ,  766 ,  852 ,  758 ,  748 ,  672 ,791
"$35,000 to $39,999",,,,  660 ,  702 ,  573 ,  658 ,  669 ,  656 ,  667 ,763
"$40,000 to $44,999",,,,  640 ,  548 ,  487 ,  469 ,  532 ,  544 ,  692 ,448
"$45,000 to $49,999",,,,  555 ,  648 ,  518 ,  647 ,  594 ,  680 ,  624 ,632
"$50,000 to $59,999",,,,  847 ,  946 ,  842 ,  724 ,  775 ,  824 ,  905 ,833
"$60,000 to $74,999",,,,  444 ,  829 ,"  1,063 ",  974 ,  961 ,"  1,020 ",  931 ,981
"$75,000 to $99,999",,,,  282 ,  879 ,  827 ,  888 ,  929 ,  933 ,  983 ,"1,060"
"$100,000 to $124,999",,,,  66 ,  298 ,  461 ,  383 ,  359 ,  347 ,  358 ,427
"$125,000 to $149,999",,,,  33 ,  102 ,  159 ,  137 ,  191 ,  207 ,  248 ,361
"$150,000 to $199,999",,,,  33 ,  77 ,  114 ,  87 ,  89 ,  98 ,  120 ,153
"$200,000 or more",,,,,  52 ,  32 ,  35 ,  20 ,  32 ,  26 ,43
Median household income,Gage Park,"$59,581","$57,312","$57,046","$53,852","$40,836","$39,236","$39,250","$39,901","$41,176","$41,047"
,,,,,,,,,,,
64. Clearing,,,,,,,,,,,
Total,,"  7,254 ","  8,067 ","  8,208 ","  8,658 ","  8,389 ","  8,362 ","  8,440 ","  8,530 ","  8,654 ","8,760"
"Less than $10,000",,,,  735 ,  576 ,  361 ,  363 ,  340 ,  338 ,  374 ,424
"$10,000 to $14,999",,,,  550 ,  559 ,  335 ,  280 ,  309 ,  363 ,  323 ,305
"$15,000 to $19,999",,,,  620 ,  550 ,  614 ,  622 ,  589 ,  504 ,  476 ,370
"$20,000 to $24,999",,,,  782 ,  467 ,  476 ,  481 ,  528 ,  503 ,  425 ,326
"$25,000 to $29,999",,,,  865 ,  539 ,  435 ,  454 ,  423 ,  438 ,  407 ,451
"$30,000 to $34,999",,,,  716 ,  562 ,  297 ,  354 ,  374 ,  357 ,  297 ,364
"$35,000 to $39,999",,,,  644 ,  410 ,  260 ,  264 ,  277 ,  440 ,  420 ,463
"$40,000 to $44,999",,,,  597 ,  613 ,  377 ,  291 ,  263 ,  251 ,  327 ,432
"$45,000 to $49,999",,,,  611 ,  452 ,  353 ,  362 ,  343 ,  280 ,  339 ,351
"$50,000 to $59,999",,,,  822 ,  964 ,"  1,042 ",  918 ,  754 ,  743 ,  711 ,706
"$60,000 to $74,999",,,,  727 ,"  1,132 ",  812 ,  848 ,"  1,054 ","  1,154 ","  1,176 ","1,184"
"$75,000 to $99,999",,,,  382 ,  984 ,"  1,338 ","  1,303 ","  1,334 ","  1,437 ","  1,415 ","1,403"
"$100,000 to $124,999",,,,  93 ,  525 ,  842 ,  918 ,  914 ,  888 ,  988 ,"1,001"
"$125,000 to $149,999",,,,  43 ,  214 ,  419 ,  485 ,  436 ,  389 ,  429 ,373
"$150,000 to $199,999",,,,  21 ,  77 ,  295 ,  327 ,  348 ,  324 ,  423 ,408
"$200,000 or more",,,,,  34 ,  133 ,  92 ,  154 ,  121 ,  124 ,199
Median household income,Clearing,"$69,765","$69,580","$64,665","$67,248","$60,107","$60,593","$62,577","$62,776","$63,905","$61,905"
,,,,,,,,,,,
65. West Lawn,,,,,,,,,,,
Total,,"  5,968 ","  8,989 ","  8,826 ","  8,955 ","  9,111 ","  8,931 ","  9,050 ","  9,074 ","  8,934 ","8,988"
"Less than $10,000",,,,  904 ,  619 ,  481 ,  458 ,  487 ,  437 ,  392 ,414
"$10,000 to $14,999",,,,  775 ,  501 ,  477 ,  431 ,  335 ,  356 ,  344 ,310
"$15,000 to $19,999",,,,  709 ,  353 ,  367 ,  433 ,  378 ,  311 ,  336 ,364
"$20,000 to $24,999",,,,  712 ,  532 ,  697 ,  487 ,  521 ,  526 ,  523 ,641
"$25,000 to $29,999",,,,  627 ,  588 ,  492 ,  588 ,  570 ,  479 ,  442 ,328
"$30,000 to $34,999",,,,  703 ,  581 ,  739 ,  615 ,  600 ,  615 ,  479 ,562
"$35,000 to $39,999",,,,  758 ,  598 ,  350 ,  479 ,  629 ,  650 ,  720 ,695
"$40,000 to $44,999",,,,  782 ,  503 ,  766 ,  785 ,  587 ,  621 ,  566 ,586
"$45,000 to $49,999",,,,  500 ,  472 ,  345 ,  359 ,  537 ,  509 ,  579 ,547
"$50,000 to $59,999",,,,  975 ,"  1,006 ",  941 ,  812 ,  748 ,  859 ,  884 ,944
"$60,000 to $74,999",,,,  793 ,  980 ,  954 ,  853 ,  833 ,  977 ,  967 ,"1,015"
"$75,000 to $99,999",,,,  403 ,"  1,133 ","  1,278 ","  1,389 ","  1,437 ","  1,389 ","  1,261 ",948
"$100,000 to $124,999",,,,  130 ,  623 ,  665 ,  659 ,  716 ,  750 ,  696 ,831
"$125,000 to $149,999",,,,  48 ,  294 ,  231 ,  276 ,  368 ,  313 ,  434 ,418
"$150,000 to $199,999",,,,  7 ,  113 ,  257 ,  220 ,  257 ,  213 ,  213 ,255
"$200,000 or more",,,,,  59 ,  71 ,  87 ,  47 ,  69 ,  98 ,130
Median household income,West Lawn,"$68,251","$70,090","$66,844","$69,441","$50,991","$50,189","$50,702","$52,226","$52,082","$50,409"
,,,,,,,,,,,
66. Chicago Lawn,,,,,,,,,,,
Total,,"  18,133 ","  17,600 ","  16,730 ","  17,112 ","  15,416 ","  15,586 ","  15,836 ","  15,705 ","  15,915 ","16,001"
"Less than $10,000",,,,"  2,899 ","  2,244 ","  1,979 ","  2,025 ","  2,340 ","  2,283 ","  2,267 ","2,135"
"$10,000 to $14,999",,,,"  1,697 ","  1,054 ","  1,047 ",  980 ,"  1,112 ","  1,194 ","  1,234 ","1,108"
"$15,000 to $19,999",,,,"  1,795 ","  1,133 ","  1,485 ","  1,570 ","  1,559 ","  1,379 ","  1,325 ","1,575"
"$20,000 to $24,999",,,,"  1,765 ","  1,241 ","  1,031 ","  1,027 ","  1,127 ","  1,218 ","  1,369 ","1,168"
"$25,000 to $29,999",,,,"  1,320 ","  1,285 ","  1,147 ","  1,214 ","  1,116 ","  1,068 ","  1,066 ","1,255"
"$30,000 to $34,999",,,,"  1,350 ","  1,344 ","  1,137 ","  1,227 ","  1,190 ","  1,138 ",  963 ,988
"$35,000 to $39,999",,,,"  1,099 ","  1,163 ",  982 ,  976 ,"  1,034 ","  1,019 ","  1,013 ",986
"$40,000 to $44,999",,,,  976 ,"  1,022 ",  729 ,  886 ,  906 ,  996 ,"  1,096 ","1,033"
"$45,000 to $49,999",,,,  796 ,  994 ,  797 ,  772 ,  602 ,  667 ,  729 ,671
"$50,000 to $59,999",,,,"  1,324 ","  1,574 ","  1,156 ","  1,222 ","  1,261 ","  1,224 ","  1,068 ","1,114"
"$60,000 to $74,999",,,,  906 ,"  1,720 ","  1,358 ","  1,140 ","  1,146 ","  1,098 ","  1,231 ","1,435"
"$75,000 to $99,999",,,,  568 ,"  1,452 ","  1,518 ","  1,428 ","  1,464 ","  1,272 ","  1,362 ","1,264"
"$100,000 to $124,999",,,,  163 ,  479 ,  708 ,  654 ,  492 ,  602 ,  451 ,525
"$125,000 to $149,999",,,,  43 ,  216 ,  150 ,  229 ,  286 ,  262 ,  401 ,392
"$150,000 to $199,999",,,,  29 ,  112 ,  145 ,  191 ,  159 ,  196 ,  243 ,252
"$200,000 or more",,,,,  79 ,  47 ,  45 ,  42 ,  89 ,  97 ,100
Median household income,Chicago Lawn,"$57,154","$54,052","$49,357","$53,144","$36,868","$35,751","$33,876","$34,193","$34,312","$33,717"
,,,,,,,,,,,
67. West Englewood,,,,,,,,,,,
Total,,"  17,455 ","  16,086 ","  13,668 ","  12,351 ","  10,364 ","  10,183 ","  10,036 ","  9,744 ","  9,655 ","9,642"
"Less than $10,000",,,,"  3,688 ","  2,590 ","  1,530 ","  1,573 ","  1,645 ","  1,637 ","  1,601 ","1,499"
"$10,000 to $14,999",,,,"  1,337 ","  1,153 ","  1,110 ","  1,093 ","  1,040 ",  951 ,  985 ,904
"$15,000 to $19,999",,,,"  1,210 ","  1,097 ","  1,284 ","  1,196 ","  1,175 ","  1,148 ","  1,046 ","1,089"
"$20,000 to $24,999",,,,"  1,266 ","  1,054 ","  1,020 ","  1,013 ",  836 ,  826 ,  927 ,946
"$25,000 to $29,999",,,,  997 ,  753 ,  820 ,  754 ,  781 ,  646 ,  604 ,637
"$30,000 to $34,999",,,,"  1,048 ",  819 ,  600 ,  607 ,  564 ,  602 ,  566 ,540
"$35,000 to $39,999",,,,  892 ,  642 ,  684 ,  592 ,  621 ,  657 ,  602 ,570
"$40,000 to $44,999",,,,  764 ,  691 ,  486 ,  635 ,  543 ,  529 ,  608 ,589
"$45,000 to $49,999",,,,  638 ,  454 ,  382 ,  377 ,  320 ,  328 ,  254 ,330
"$50,000 to $59,999",,,,  863 ,"  1,051 ",  613 ,  600 ,  562 ,  567 ,  636 ,674
"$60,000 to $74,999",,,,  552 ,  773 ,  767 ,  690 ,  772 ,  727 ,  731 ,677
"$75,000 to $99,999",,,,  321 ,  875 ,  645 ,  550 ,  651 ,  640 ,  613 ,505
"$100,000 to $124,999",,,,  67 ,  222 ,  276 ,  293 ,  268 ,  208 ,  211 ,336
"$125,000 to $149,999",,,, - ,  89 ,  87 ,  111 ,  143 ,  146 ,  119 ,109
"$150,000 to $199,999",,,,  25 ,  28 ,  22 ,  43 ,  81 ,  94 ,  112 ,182
"$200,000 or more",,,,,  60 ,  38 ,  56 ,  34 ,  38 ,  40 ,55
Median household income,West Englewood,"$51,113","$41,889","$42,371","$39,424","$28,157","$27,744","$27,909","$28,235","$27,710","$27,816"
,,,,,,,,,,,
68. Englewood,,,,,,,,,,,
Total,,"  23,464 ","  17,787 ","  14,857 ","  12,601 ","  9,803 ","  9,518 ","  9,361 ","  9,103 ","  9,191 ","9,164"
"Less than $10,000",,,,"  6,137 ","  4,094 ","  2,800 ","  2,713 ","  2,734 ","  2,456 ","  2,272 ","2,215"
"$10,000 to $14,999",,,,"  1,976 ","  1,242 ","  1,179 ","  1,169 ","  1,153 ","  1,249 ","  1,346 ","1,361"
"$15,000 to $19,999",,,,"  1,511 ","  1,167 ","  1,124 ","  1,052 ","  1,002 ",  872 ,  960 ,"1,049"
"$20,000 to $24,999",,,,"  1,142 ","  1,051 ",  774 ,  805 ,  751 ,  743 ,  782 ,852
"$25,000 to $29,999",,,,  977 ,  973 ,  519 ,  487 ,  436 ,  554 ,  617 ,564
"$30,000 to $34,999",,,,  796 ,  701 ,  518 ,  545 ,  645 ,  579 ,  526 ,576
"$35,000 to $39,999",,,,  504 ,  622 ,  398 ,  323 ,  302 ,  346 ,  398 ,410
"$40,000 to $44,999",,,,  496 ,  422 ,  244 ,  295 ,  332 ,  348 ,  337 ,279
"$45,000 to $49,999",,,,  345 ,  497 ,  430 ,  350 ,  327 ,  440 ,  380 ,372
"$50,000 to $59,999",,,,  425 ,  575 ,  514 ,  558 ,  600 ,  499 ,  463 ,395
"$60,000 to $74,999",,,,  341 ,  547 ,  469 ,  539 ,  427 ,  351 ,  312 ,347
"$75,000 to $99,999",,,,  155 ,  347 ,  514 ,  359 ,  287 ,  362 ,  418 ,358
"$100,000 to $124,999",,,,  20 ,  174 ,  143 ,  148 ,  201 ,  178 ,  201 ,179
"$125,000 to $149,999",,,,  26 ,  67 ,  65 ,  75 ,  94 ,  53 ,  103 ,94
"$150,000 to $199,999",,,,  6 ,  43 ,  19 ,  55 ,  26 ,  37 ,  37 ,32
"$200,000 or more",,,,,  79 ,  93 ,  45 ,  44 ,  36 ,  39 ,81
Median household income,Englewood,"$38,793","$28,976","$25,377","$27,995","$20,256","$20,048","$19,477","$20,568","$20,594","$19,740"
,,,,,,,,,,,
69. Greater Grand Crossing,,,,,,,,,,,
Total,,"  17,673 ","  16,968 ","  14,445 ","  14,376 ","  12,605 ","  12,095 ","  12,032 ","  11,959 ","  12,139 ","12,129"
"Less than $10,000",,,,"  4,297 ","  3,178 ","  2,376 ","  2,458 ","  2,455 ","  2,506 ","  2,389 ","2,567"
"$10,000 to $14,999",,,,"  1,637 ","  1,231 ",  901 ,  957 ,"  1,122 ","  1,166 ","  1,099 ","1,172"
"$15,000 to $19,999",,,,"  1,698 ","  1,135 ","  1,174 ","  1,174 ","  1,186 ","  1,138 ","  1,096 ","1,185"
"$20,000 to $24,999",,,,"  1,093 ","  1,114 ","  1,129 ","  1,023 ","  1,090 ",  938 ,"  1,022 ",836
"$25,000 to $29,999",,,,"  1,114 ",  856 ,  849 ,  760 ,  757 ,  764 ,  851 ,748
"$30,000 to $34,999",,,,"  1,081 ","  1,026 ",  806 ,  692 ,  690 ,  718 ,  729 ,586
"$35,000 to $39,999",,,,  791 ,  693 ,  613 ,  543 ,  491 ,  492 ,  517 ,384
"$40,000 to $44,999",,,,  612 ,  569 ,  595 ,  479 ,  301 ,  374 ,  504 ,571
"$45,000 to $49,999",,,,  498 ,  643 ,  365 ,  437 ,  511 ,  422 ,  429 ,405
"$50,000 to $59,999",,,,  659 ,"  1,238 ","  1,145 ",  788 ,  822 ,  760 ,  629 ,563
"$60,000 to $74,999",,,,  581 ,"  1,091 ",  825 ,  957 ,  976 ,  998 ,"  1,129 ","1,229"
"$75,000 to $99,999",,,,  293 ,"  1,031 ",  879 ,  849 ,  778 ,  836 ,  966 ,"1,051"
"$100,000 to $124,999",,,,  79 ,  243 ,  465 ,  501 ,  394 ,  423 ,  349 ,309
"$125,000 to $149,999",,,,  12 ,  156 ,  156 ,  129 ,  156 ,  146 ,  176 ,225
"$150,000 to $199,999",,,, - ,  101 ,  163 ,  145 ,  120 ,  160 ,  151 ,186
"$200,000 or more",,,,,  71 ,  164 ,  203 ,  183 ,  118 ,  103 ,112
Median household income,Greater Grand Crossing,"$44,935","$37,665","$35,506","$41,230","$31,234","$29,228","$26,965","$27,353","$28,210","$26,852"
,,,,,,,,,,,
70. Ashburn,,,,,,,,,,,
Total,,"  12,657 ","  12,817 ","  12,742 ","  12,798 ","  12,780 ","  12,827 ","  12,722 ","  12,823 ","  12,833 ","12,982"
"Less than $10,000",,,,  844 ,  696 ,  523 ,  611 ,  555 ,  531 ,  560 ,570
"$10,000 to $14,999",,,,  827 ,  493 ,  469 ,  394 ,  347 ,  422 ,  406 ,396
"$15,000 to $19,999",,,,  763 ,  524 ,  521 ,  578 ,  501 ,  628 ,  640 ,508
"$20,000 to $24,999",,,,  915 ,  672 ,  607 ,  609 ,  581 ,  557 ,  415 ,514
"$25,000 to $29,999",,,,  760 ,  733 ,  706 ,  699 ,  611 ,  630 ,  495 ,492
"$30,000 to $34,999",,,,"  1,207 ",  575 ,  420 ,  513 ,  637 ,  741 ,  778 ,725
"$35,000 to $39,999",,,,"  1,234 ",  726 ,  612 ,  558 ,  476 ,  466 ,  492 ,433
"$40,000 to $44,999",,,,"  1,000 ",  729 ,  458 ,  359 ,  531 ,  478 ,  317 ,378
"$45,000 to $49,999",,,,  984 ,  590 ,  372 ,  423 ,  477 ,  573 ,  591 ,461
"$50,000 to $59,999",,,,"  1,559 ","  1,592 ",  836 ,  903 ,"  1,042 ","  1,042 ","  1,184 ","1,323"
"$60,000 to $74,999",,,,"  1,204 ","  2,134 ","  1,631 ","  1,578 ","  1,503 ","  1,442 ","  1,469 ","1,580"
"$75,000 to $99,999",,,,"  1,071 ","  1,833 ","  2,099 ","  2,135 ","  2,198 ","  2,083 ","  2,166 ","2,080"
"$100,000 to $124,999",,,,  274 ,  899 ,"  1,659 ","  1,598 ","  1,485 ","  1,459 ","  1,269 ","1,350"
"$125,000 to $149,999",,,,  65 ,  363 ,  885 ,  890 ,  829 ,  848 ,  946 ,"1,043"
"$150,000 to $199,999",,,,  35 ,  170 ,  787 ,  748 ,  748 ,  709 ,  832 ,902
"$200,000 or more",,,,,  69 ,  195 ,  231 ,  201 ,  214 ,  273 ,227
Median household income,Ashburn,"$79,870","$80,916","$75,096","$79,212","$71,863","$70,137","$67,750","$65,369","$66,342","$65,706"
,,,,,,,,,,,
71. Auburn Gresham,,,,,,,,,,,
Total,,"  20,057 ","  19,260 ","  18,605 ","  18,214 ","  17,173 ","  17,315 ","  17,158 ","  17,150 ","  17,279 ","17,111"
"Less than $10,000",,,,"  3,415 ","  2,817 ","  2,646 ","  2,807 ","  2,803 ","  2,986 ","  2,983 ","2,784"
"$10,000 to $14,999",,,,"  1,461 ","  1,373 ","  1,530 ","  1,423 ","  1,438 ","  1,551 ","  1,584 ","1,569"
"$15,000 to $19,999",,,,"  1,875 ","  1,295 ","  1,362 ","  1,700 ","  1,554 ","  1,507 ","  1,523 ","1,479"
"$20,000 to $24,999",,,,"  1,705 ","  1,406 ","  1,623 ","  1,644 ","  1,608 ","  1,411 ","  1,407 ","1,204"
"$25,000 to $29,999",,,,"  1,497 ","  1,104 ","  1,284 ","  1,300 ","  1,176 ","  1,276 ","  1,185 ","1,222"
"$30,000 to $34,999",,,,"  1,722 ","  1,285 ",  786 ,  740 ,  843 ,  885 ,  888 ,878
"$35,000 to $39,999",,,,"  1,173 ","  1,044 ",  992 ,  939 ,  966 ,"  1,008 ",  954 ,965
"$40,000 to $44,999",,,,"  1,105 ","  1,189 ",  835 ,  760 ,  777 ,  706 ,  759 ,689
"$45,000 to $49,999",,,,  940 ,  895 ,  758 ,  662 ,  619 ,  600 ,  662 ,594
"$50,000 to $59,999",,,,"  1,450 ","  1,605 ","  1,501 ","  1,418 ","  1,413 ","  1,296 ","  1,164 ","1,019"
"$60,000 to $74,999",,,,"  1,371 ","  1,566 ","  1,266 ","  1,260 ","  1,436 ","  1,543 ","  1,497 ","1,695"
"$75,000 to $99,999",,,,  593 ,"  1,418 ","  1,395 ","  1,412 ","  1,248 ","  1,103 ","  1,297 ","1,404"
"$100,000 to $124,999",,,,  188 ,  732 ,  494 ,  585 ,  496 ,  616 ,  694 ,823
"$125,000 to $149,999",,,,  50 ,  187 ,  322 ,  285 ,  378 ,  356 ,  360 ,328
"$150,000 to $199,999",,,,  60 ,  138 ,  263 ,  245 ,  287 ,  202 ,  207 ,297
"$200,000 or more",,,,,  160 ,  116 ,  135 ,  116 ,  104 ,  115 ,161
Median household income,Auburn Gresham,"$57,439","$58,792","$52,786","$50,566","$33,013","$30,677","$31,172","$30,407","$30,536","$31,552"
,,,,,,,,,,,
72. Beverly,,,,,,,,,,,
Total,,"  8,065 ","  7,602 ","  7,743 ","  8,038 ","  7,705 ","  7,796 ","  7,526 ","  7,492 ","  7,610 ","7,673"
"Less than $10,000",,,,  444 ,  316 ,  278 ,  245 ,  211 ,  273 ,  314 ,313
"$10,000 to $14,999",,,,  362 ,  207 ,  128 ,  79 ,  95 ,  90 ,  92 ,78
"$15,000 to $19,999",,,,  301 ,  205 ,  217 ,  216 ,  207 ,  189 ,  178 ,183
"$20,000 to $24,999",,,,  402 ,  303 ,  207 ,  177 ,  191 ,  137 ,  160 ,144
"$25,000 to $29,999",,,,  375 ,  294 ,  181 ,  198 ,  147 ,  222 ,  231 ,315
"$30,000 to $34,999",,,,  542 ,  335 ,  194 ,  200 ,  215 ,  228 ,  182 ,228
"$35,000 to $39,999",,,,  486 ,  338 ,  167 ,  218 ,  302 ,  303 ,  247 ,174
"$40,000 to $44,999",,,,  599 ,  458 ,  249 ,  232 ,  289 ,  238 ,  267 ,274
"$45,000 to $49,999",,,,  483 ,  306 ,  288 ,  240 ,  190 ,  235 ,  253 ,283
"$50,000 to $59,999",,,,"  1,026 ",  648 ,  457 ,  466 ,  448 ,  515 ,  441 ,409
"$60,000 to $74,999",,,,"  1,048 ","  1,173 ",  844 ,  807 ,  635 ,  616 ,  664 ,662
"$75,000 to $99,999",,,,  859 ,"  1,247 ","  1,290 ","  1,259 ","  1,169 ","  1,110 ","  1,212 ","1,144"
"$100,000 to $124,999",,,,  459 ,  910 ,  883 ,  918 ,  824 ,  769 ,  695 ,644
"$125,000 to $149,999",,,,  114 ,  502 ,  659 ,  725 ,  653 ,  649 ,  642 ,605
"$150,000 to $199,999",,,,  243 ,  445 ,  843 ,  970 ,"  1,032 ","  1,099 ","  1,016 ","1,060"
"$200,000 or more",,,,,  351 ,  820 ,  846 ,  918 ,  819 ,"  1,016 ","1,157"
Median household income,Beverly,"$82,873","$81,671","$93,731","$98,692","$91,624","$94,540","$94,807","$92,414","$91,462","$90,263"
,,,,,,,,,,,
73. Washington Heights,,,,,,,,,,,
Total,,"  9,759 ","  10,114 ","  9,796 ","  9,823 ","  9,308 ","  9,364 ","  9,283 ","  9,501 ","  9,509 ","9,570"
"Less than $10,000",,,,"  1,062 ",  963 ,  644 ,  731 ,  705 ,  697 ,  814 ,"1,068"
"$10,000 to $14,999",,,,  642 ,  491 ,  719 ,  670 ,  668 ,  550 ,  584 ,635
"$15,000 to $19,999",,,,  876 ,  582 ,  647 ,  607 ,  603 ,  647 ,  667 ,772
"$20,000 to $24,999",,,,  711 ,  518 ,  641 ,  670 ,  768 ,  703 ,  722 ,584
"$25,000 to $29,999",,,,  825 ,  659 ,  596 ,  617 ,  591 ,  595 ,  612 ,483
"$30,000 to $34,999",,,,  926 ,  756 ,  697 ,  776 ,  676 ,  708 ,  594 ,494
"$35,000 to $39,999",,,,  879 ,  517 ,  586 ,  573 ,  579 ,  502 ,  448 ,364
"$40,000 to $44,999",,,,  758 ,  637 ,  460 ,  454 ,  424 ,  428 ,  349 ,409
"$45,000 to $49,999",,,,  524 ,  436 ,  630 ,  473 ,  473 ,  478 ,  464 ,348
"$50,000 to $59,999",,,,  944 ,"  1,191 ",  696 ,  744 ,  809 ,  800 ,  678 ,764
"$60,000 to $74,999",,,,  992 ,"  1,121 ",  904 ,  911 ,  703 ,  795 ,  727 ,801
"$75,000 to $99,999",,,,  417 ,"  1,002 ",  883 ,  996 ,"  1,110 ","  1,288 ","  1,224 ","1,194"
"$100,000 to $124,999",,,,  152 ,  447 ,  759 ,  675 ,  651 ,  694 ,  851 ,794
"$125,000 to $149,999",,,,  58 ,  291 ,  259 ,  325 ,  332 ,  351 ,  393 ,365
"$150,000 to $199,999",,,,  30 ,  101 ,  132 ,  88 ,  152 ,  188 ,  278 ,347
"$200,000 or more",,,,,  111 ,  55 ,  54 ,  39 ,  77 ,  104 ,148
Median household income,Washington Heights,"$67,349","$68,653","$65,214","$63,804","$44,190","$42,644","$42,139","$45,659","$45,557","$44,677"
,,,,,,,,,,,
74. Mount Greenwood,,,,,,,,,,,
Total,,"  6,310 ","  6,684 ","  6,881 ","  6,903 ","  6,589 ","  6,461 ","  6,416 ","  6,457 ","  6,573 ","6,595"
"Less than $10,000",,,,  610 ,  286 ,  174 ,  195 ,  240 ,  273 ,  202 ,216
"$10,000 to $14,999",,,,  462 ,  275 ,  82 ,  142 ,  143 ,  122 ,  131 ,121
"$15,000 to $19,999",,,,  403 ,  315 ,  180 ,  173 ,  180 ,  183 ,  140 ,138
"$20,000 to $24,999",,,,  531 ,  253 ,  219 ,  174 ,  133 ,  170 ,  160 ,145
"$25,000 to $29,999",,,,  420 ,  234 ,  125 ,  177 ,  163 ,  167 ,  142 ,138
"$30,000 to $34,999",,,,  505 ,  308 ,  260 ,  230 ,  171 ,  149 ,  176 ,126
"$35,000 to $39,999",,,,  486 ,  301 ,  174 ,  174 ,  253 ,  218 ,  248 ,281
"$40,000 to $44,999",,,,  496 ,  434 ,  180 ,  166 ,  155 ,  157 ,  200 ,208
"$45,000 to $49,999",,,,  453 ,  415 ,  130 ,  55 ,  122 ,  126 ,  103 ,132
"$50,000 to $59,999",,,,  880 ,  803 ,  260 ,  355 ,  283 ,  347 ,  417 ,408
"$60,000 to $74,999",,,,  951 ,"  1,050 ",  779 ,  768 ,  747 ,  731 ,  617 ,440
"$75,000 to $99,999",,,,  476 ,"  1,183 ","  1,335 ","  1,193 ","  1,049 ","  1,007 ","  1,141 ","1,200"
"$100,000 to $124,999",,,,  163 ,  653 ,"  1,075 ","  1,026 ","  1,058 ","  1,148 ","  1,064 ",899
"$125,000 to $149,999",,,,  37 ,  235 ,  577 ,  644 ,  727 ,  764 ,  762 ,720
"$150,000 to $199,999",,,,  8 ,  91 ,  806 ,  735 ,  724 ,  656 ,  747 ,"1,034"
"$200,000 or more",,,,,  67 ,  233 ,  254 ,  268 ,  239 ,  323 ,389
Median household income,Mount Greenwood,"$73,545","$69,548","$77,082","$84,912","$92,730","$90,800","$91,287","$91,021","$91,864","$93,260"
,,,,,,,,,,,
75. Morgan Park,,,,,,,,,,,
Total,,"  8,857 ","  8,792 ","  8,490 ","  8,524 ","  8,009 ","  7,982 ","  7,947 ","  8,130 ","  8,070 ","8,070"
"Less than $10,000",,,,"  1,018 ",  647 ,  644 ,  567 ,  582 ,  521 ,  575 ,737
"$10,000 to $14,999",,,,  591 ,  390 ,  361 ,  359 ,  427 ,  462 ,  483 ,378
"$15,000 to $19,999",,,,  570 ,  562 ,  332 ,  374 ,  334 ,  293 ,  255 ,290
"$20,000 to $24,999",,,,  561 ,  418 ,  310 ,  269 ,  493 ,  515 ,  570 ,535
"$25,000 to $29,999",,,,  728 ,  453 ,  579 ,  505 ,  403 ,  395 ,  394 ,238
"$30,000 to $34,999",,,,  607 ,  397 ,  223 ,  267 ,  301 ,  364 ,  382 ,442
"$35,000 to $39,999",,,,  600 ,  434 ,  284 ,  330 ,  264 ,  354 ,  345 ,383
"$40,000 to $44,999",,,,  626 ,  330 ,  408 ,  336 ,  303 ,  356 ,  165 ,188
"$45,000 to $49,999",,,,  622 ,  320 ,  234 ,  246 ,  270 ,  205 ,  308 ,345
"$50,000 to $59,999",,,,  827 ,  871 ,  557 ,  551 ,  521 ,  561 ,  585 ,565
"$60,000 to $74,999",,,,  942 ,"  1,036 ",  782 ,  791 ,  761 ,  752 ,  655 ,834
"$75,000 to $99,999",,,,  501 ,"  1,268 ","  1,067 ","  1,154 ","  1,313 ","  1,192 ","  1,051 ","1,038"
"$100,000 to $124,999",,,,  122 ,  689 ,"  1,065 ",  992 ,  862 ,  927 ,  810 ,756
"$125,000 to $149,999",,,,  118 ,  332 ,  468 ,  379 ,  328 ,  393 ,  550 ,359
"$150,000 to $199,999",,,,  57 ,  249 ,  447 ,  580 ,  504 ,  500 ,  519 ,503
"$200,000 or more",,,,,  128 ,  248 ,  282 ,  281 ,  340 ,  423 ,479
Median household income,Morgan Park,"$68,465","$67,123","$69,613","$78,473","$65,508","$66,528","$63,617","$62,934","$60,949","$58,659"
,,,,,,,,,,,
76. O'Hare,,,,,,,,,,,
Total,,,"  5,467 ","  5,661 ","  5,914 ","  6,108 ","  6,075 ","  6,116 ","  6,215 ","  6,125 ","6,015"
"Less than $10,000",,,,  372 ,  412 ,  462 ,  521 ,  520 ,  500 ,  379 ,321
"$10,000 to $14,999",,,,  396 ,  388 ,  277 ,  322 ,  371 ,  504 ,  354 ,464
"$15,000 to $19,999",,,,  460 ,  320 ,  431 ,  461 ,  459 ,  424 ,  460 ,424
"$20,000 to $24,999",,,,  455 ,  291 ,  381 ,  416 ,  555 ,  589 ,  515 ,534
"$25,000 to $29,999",,,,  579 ,  345 ,  469 ,  375 ,  355 ,  282 ,  249 ,331
"$30,000 to $34,999",,,,  513 ,  419 ,  271 ,  341 ,  357 ,  294 ,  383 ,297
"$35,000 to $39,999",,,,  499 ,  446 ,  291 ,  271 ,  230 ,  194 ,  188 ,148
"$40,000 to $44,999",,,,  465 ,  457 ,  463 ,  399 ,  312 ,  281 ,  349 ,335
"$45,000 to $49,999",,,,  463 ,  427 ,  185 ,  215 ,  177 ,  174 ,  235 ,191
"$50,000 to $59,999",,,,  526 ,  687 ,  479 ,  462 ,  486 ,  592 ,  630 ,532
"$60,000 to $74,999",,,,  493 ,  675 ,  503 ,  609 ,  710 ,  695 ,  686 ,934
"$75,000 to $99,999",,,,  309 ,  493 ,"  1,170 ",  950 ,  913 ,  986 ,  919 ,760
"$100,000 to $124,999",,,,  66 ,  327 ,  345 ,  306 ,  273 ,  289 ,  328 ,294
"$125,000 to $149,999",,,,  10 ,  114 ,  195 ,  226 ,  184 ,  151 ,  146 ,151
"$150,000 to $199,999",,,,  55 ,  41 ,  145 ,  134 ,  151 ,  190 ,  209 ,188
"$200,000 or more",,,,,  72 ,  41 ,  67 ,  63 ,  70 ,  95 ,111
Median household income,O'Hare,,"$66,858","$68,214","$64,309","$48,457","$46,523","$44,951","$47,812","$50,091","$48,950"
,,,,,,,,,,,
77. Edgewater,,,,,,,,,,,
Total,,"  28,820 ","  29,249 ","  30,128 ","  30,918 ","  29,110 ","  28,739 ","  28,669 ","  28,675 ","  28,667 ","28,890"
"Less than $10,000",,,,"  5,549 ","  4,271 ","  3,568 ","  3,319 ","  3,262 ","  2,805 ","  3,064 ","2,883"
"$10,000 to $14,999",,,,"  3,017 ","  2,400 ","  2,173 ","  2,004 ","  1,963 ","  2,030 ","  1,687 ","1,494"
"$15,000 to $19,999",,,,"  3,411 ","  1,741 ","  1,637 ","  1,546 ","  1,730 ","  1,830 ","  1,819 ","1,749"
"$20,000 to $24,999",,,,"  3,060 ","  2,148 ","  1,470 ","  1,537 ","  1,233 ","  1,413 ","  1,453 ","1,641"
"$25,000 to $29,999",,,,"  2,854 ","  2,273 ","  1,767 ","  1,757 ","  1,689 ","  1,641 ","  1,593 ","1,655"
"$30,000 to $34,999",,,,"  1,997 ","  2,265 ","  1,601 ","  1,535 ","  1,479 ","  1,473 ","  1,345 ","1,237"
"$35,000 to $39,999",,,,"  1,913 ","  2,100 ","  1,681 ","  1,613 ","  1,622 ","  1,425 ","  1,342 ","1,472"
"$40,000 to $44,999",,,,"  1,675 ","  1,977 ","  1,243 ","  1,231 ","  1,513 ","  1,536 ","  1,557 ","1,370"
"$45,000 to $49,999",,,,"  1,040 ","  1,406 ","  1,100 ","  1,149 ",  864 ,  786 ,  898 ,"1,101"
"$50,000 to $59,999",,,,"  2,028 ","  2,538 ","  1,677 ","  2,037 ","  2,117 ","  2,330 ","  2,383 ","2,447"
"$60,000 to $74,999",,,,"  1,779 ","  2,871 ","  2,895 ","  2,755 ","  2,638 ","  2,729 ","  2,637 ","2,583"
"$75,000 to $99,999",,,,  948 ,"  2,306 ","  3,127 ","  3,113 ","  3,133 ","  3,352 ","  3,033 ","2,921"
"$100,000 to $124,999",,,,  369 ,"  1,305 ","  1,838 ","  1,610 ","  1,721 ","  1,645 ","  1,974 ","2,139"
"$125,000 to $149,999",,,,  126 ,  481 ,"  1,283 ","  1,226 ","  1,259 ","  1,158 ","  1,143 ","1,162"
"$150,000 to $199,999",,,,  362 ,  360 ,"  1,048 ","  1,196 ","  1,283 ","  1,305 ","  1,430 ","1,614"
"$200,000 or more",,,,,  476 ,"  1,002 ","  1,111 ","  1,163 ","  1,217 ","  1,309 ","1,422"
Median household income,Edgewater,"$51,196","$43,703","$47,986","$52,823","$45,558","$46,718","$46,166","$47,850","$48,719","$49,230"