RacePercent,Neighborhood,1930,1940,1950,1960,1970,1980,1990,2000,2010,2012,2013,2014,2015,2016,2017
Total,Rogers Park,"  57,094 ","  60,565 ","  62,252 ","  56,888 ","  60,787 ","  55,525 ","  60,378 ","  63,484 ","  54,991 ","  57,559 ","  57,165 ","  55,053 ","  54,402 ","  55,500 ","55,062"
Asian,Rogers Park,,,,,"  1,620 ",    ,"  5,100 ","  4,063 ","  3,523 ","  3,876 ","  3,450 ","  3,526 ","  3,501 ","  3,205 ","2,792"
Black or African-American,Rogers Park,  128 ,  130 ,  108 ,  57 ,  762 ,"  5,095 ","  15,885 ","  18,767 ","  14,461 ","  15,662 ","  15,461 ","  14,325 ","  13,320 ","  14,455 ","14,521"
Persons of Spanish Language*,Rogers Park,,,,,"  2,802 ","  6,621 ","  12,005 ","  17,639 ","  13,433 ","  14,280 ","  14,189 ","  13,530 ","  13,135 ","  12,383 ","12,072"
White,Rogers Park,"  56,895 ","  60,370 ","  62,095 ","  56,503 ","  58,050 ","  38,699 ","  27,030 ","  20,170 ","  21,618 ","  21,819 ","  22,304 ","  22,094 ","  22,769 ","  23,604 ","23,754"
Percent Black,Rogers Park,  0 ,  0 ,  0 ,  0 ,  1 ,  9 ,  26 ,  30 ,  26 ,  27 ,  27 ,  26 ,  24 ,  26 ,  26 
Percent Hispanic,Rogers Park,  - ,  - ,  - ,  - ,  5 ,  12 ,  20 ,  28 ,  24 ,  25 ,  25 ,  25 ,  24 ,  22 ,  22 
Percent White,Rogers Park,  100 ,  100 ,  100 ,  99 ,  95 ,  70 ,  45 ,  32 ,  39 ,  38 ,  39 ,  40 ,  42 ,  43 ,  43 
Percent Asian,Rogers Park,  - ,  - ,  - ,  - ,  3 ,,  8 ,  6 ,  6 ,  7 ,  6 ,  6 ,  6 ,  6 ,  5 
Total,West Ridge,"  39,759 ","  43,553 ","  47,930 ","  63,884 ","  65,432 ","  61,129 ","  65,374 ","  73,199 ","  71,942 ","  73,705 ","  73,305 ","  73,019 ","  72,211 ","  73,723 ","76,215"
Asian,West Ridge,,,,,  560 ,    ,"  10,523 ","  16,347 ","  16,184 ","  17,078 ","  17,702 ","  17,097 ","  16,868 ","  16,641 ","17,200"
Black or African-American,West Ridge,  46 ,  111 ,  115 ,  81 ,  91 ,  436 ,"  2,045 ","  4,962 ","  8,015 ","  7,683 ","  7,529 ","  7,644 ","  8,110 ","  8,936 ","9,201"
Persons of Spanish Language*,West Ridge,,,,,"  1,129 ","  2,266 ","  5,398 ","  11,353 ","  14,701 ","  15,260 ","  13,994 ","  13,088 ","  12,672 ","  13,366 ","14,256"
White,West Ridge,"  39,701 ","  43,413 ","  47,786 ","  63,696 ","  64,690 ","  52,949 ","  47,098 ","  36,403 ","  30,706 ","  31,779 ","  31,630 ","  32,839 ","  31,978 ","  31,806 ","32,173"
Percent Black,West Ridge,  0 ,  0 ,  0 ,  0 ,  0 ,  1 ,  3 ,  7 ,  11 ,  10 ,  10 ,  10 ,  11 ,  12 ,  12 
Percent Hispanic,West Ridge,  - ,  - ,  - ,  - ,  2 ,  4 ,  8 ,  16 ,  20 ,  21 ,  19 ,  18 ,  18 ,  18 ,  19 
Percent White,West Ridge,  100 ,  100 ,  100 ,  100 ,  99 ,  87 ,  72 ,  50 ,  43 ,  43 ,  43 ,  45 ,  44 ,  43 ,  42 
Percent Asian,West Ridge,  - ,  - ,  - ,  - ,  1 ,,  16 ,  22 ,  22 ,  23 ,  24 ,  23 ,  23 ,  23 ,  23 
Total,Uptown,"  67,699 ","  77,677 ","  84,462 ","  76,103 ","  74,838 ","  64,414 ","  63,839 ","  63,551 ","  56,362 ","  54,995 ","  54,449 ","  54,062 ","  55,137 ","  56,296 ","57,973"
Asian,Uptown,,,,,"  4,039 ",    ,"  8,859 ","  8,206 ","  6,414 ","  6,402 ","  5,803 ","  5,285 ","  4,854 ","  5,773 ","5,812"
Black or African-American,Uptown,  445 ,  426 ,  436 ,  370 ,"  3,045 ","  9,416 ","  15,134 ","  13,415 ","  11,275 ","  11,062 ","  10,796 ","  10,785 ","  11,445 ","  10,970 ","10,487"
Persons of Spanish Language*,Uptown,,,,,"  9,955 ","  14,984 ","  14,398 ","  12,674 ","  8,009 ","  7,010 ","  6,627 ","  6,964 ","  6,402 ","  7,468 ","8,324"
White,Uptown,"  66,932 ","  77,019 ","  82,868 ","  72,147 ","  65,644 ","  30,561 ","  24,743 ","  26,784 ","  29,098 ","  28,769 ","  29,312 ","  28,972 ","  30,371 ","  30,456 ","31,602"
Percent Black,Uptown,  1 ,  1 ,  1 ,  0 ,  4 ,  15 ,  24 ,  21 ,  20 ,  20 ,  20 ,  20 ,  21 ,  19 ,  18 
Percent Hispanic,Uptown,  - ,  - ,  - ,  - ,  13 ,  23 ,  23 ,  20 ,  14 ,  13 ,  12 ,  13 ,  12 ,  13 ,  14 
Percent White,Uptown,  99 ,  99 ,  98 ,  95 ,  88 ,  47 ,  39 ,  42 ,  52 ,  52 ,  54 ,  54 ,  55 ,  54 ,  55 
Percent Asian,Uptown,  - ,  - ,  - ,  - ,  5 ,,  14 ,  13 ,  11 ,  12 ,  11 ,  10 ,  9 ,  10 ,  10 
Total,Lincoln Square,"  46,419 ","  47,179 ","  47,298 ","  49,850 ","  47,751 ","  43,954 ","  44,891 ","  44,574 ","  39,493 ","  38,622 ","  38,667 ","  39,547 ","  40,761 ","  41,483 ","41,715"
Asian,Lincoln Square,,,,,  732 ,    ,"  5,980 ","  5,921 ","  4,399 ","  4,015 ","  4,513 ","  4,738 ","  4,480 ","  4,608 ","4,650"
Black or African-American,Lincoln Square,  11 ,  18 ,  26 ,  30 ,  57 ,  228 ,"  1,087 ","  1,342 ","  1,488 ","  1,764 ","  1,793 ","  1,525 ","  1,398 ","  1,394 ","1,594"
Persons of Spanish Language*,Lincoln Square,,,,,"  1,995 ","  4,973 ","  10,353 ","  11,831 ","  7,562 ","  7,483 ","  6,333 ","  6,236 ","  7,184 ","  7,284 ","6,978"
White,Lincoln Square,"  46,384 ","  47,137 ","  47,233 ","  49,544 ","  46,754 ","  33,991 ","  27,068 ","  23,716 ","  24,916 ","  24,332 ","  24,949 ","  25,865 ","  26,405 ","  26,554 ","26,782"
Percent Black,Lincoln Square,  0 ,  0 ,  0 ,  0 ,  0 ,  1 ,  2 ,  3 ,  4 ,  5 ,  5 ,  4 ,  3 ,  3 ,  4 
Percent Hispanic,Lincoln Square,  - ,  - ,  - ,  - ,  4 ,  11 ,  23 ,  27 ,  19 ,  19 ,  16 ,  16 ,  18 ,  18 ,  17 
Percent White,Lincoln Square,  100 ,  100 ,  100 ,  99 ,  98 ,  77 ,  60 ,  53 ,  63 ,  63 ,  65 ,  65 ,  65 ,  64 ,  64 
Percent Asian,Lincoln Square,  - ,  - ,  - ,  - ,  2 ,,  13 ,  13 ,  11 ,  10 ,  12 ,  12 ,  11 ,  11 ,  11 
Total,North Center,"  47,651 ","  48,759 ","  47,787 ","  43,877 ","  39,410 ","  35,161 ","  33,010 ","  31,895 ","  31,867 ","  33,418 ","  34,534 ","  34,815 ","  34,623 ","  34,942 ","35,789"
Asian,North Center,,,,,  306 ,    ,"  1,692 ","  1,324 ","  1,449 ","  1,392 ","  1,270 ","  1,313 ","  1,493 ","  1,563 ","1,791"
Black or African-American,North Center,  19 ,  19 ,  17 ,  48 ,  140 ,  390 ,  992 ,"  1,333 ",  738 ,  473 ,  639 ,  594 ,  674 ,  713 ,668
Persons of Spanish Language*,North Center,,,,,"  2,127 ","  6,684 ","  9,048 ","  6,496 ","  4,330 ","  4,376 ","  4,962 ","  4,817 ","  4,987 ","  4,378 ","4,192"
White,North Center,"  47,615 ","  48,726 ","  47,724 ","  43,622 ","  38,727 ","  26,185 ","  21,070 ","  21,938 ","  24,634 ","  26,348 ","  26,755 ","  27,043 ","  26,322 ","  26,996 ","27,568"
Percent Black,North Center,  0 ,  0 ,  0 ,  0 ,  0 ,  1 ,  3 ,  4 ,  2 ,  1 ,  2 ,  2 ,  2 ,  2 ,  2 
Percent Hispanic,North Center,  - ,  - ,  - ,  - ,  5 ,  19 ,  27 ,  20 ,  14 ,  13 ,  14 ,  14 ,  14 ,  13 ,  12 
Percent White,North Center,  100 ,  100 ,  100 ,  99 ,  98 ,  74 ,  64 ,  69 ,  77 ,  79 ,  77 ,  78 ,  76 ,  77 ,  77 
Percent Asian,North Center,  - ,  - ,  - ,  - ,  1 ,,  5 ,  4 ,  5 ,  4 ,  4 ,  4 ,  4 ,  4 ,  5 
Total,Lake View,"  114,872 ","  121,455 ","  124,824 ","  118,764 ","  114,943 ","  97,519 ","  91,031 ","  94,817 ","  94,368 ","  96,539 ","  96,541 ","  97,968 ","  98,212 ","  99,876 ","100,470"
Asian,Lake View,,,,,"  4,313 ",    ,"  3,917 ","  5,143 ","  5,653 ","  6,661 ","  6,310 ","  6,639 ","  6,764 ","  6,735 ","6,441"
Black or African-American,Lake View,  198 ,  234 ,  247 ,  168 ,  892 ,"  6,558 ","  5,575 ","  4,193 ","  3,651 ","  3,567 ","  3,245 ","  3,430 ","  3,428 ","  3,320 ","3,475"
Persons of Spanish Language*,Lake View,,,,,"  15,504 ","  18,333 ","  12,932 ","  8,268 ","  7,198 ","  7,268 ","  7,294 ","  7,133 ","  7,125 ","  8,099 ","8,323"
White,Lake View,"  114,435 ","  120,983 ","  123,814 ","  115,018 ","  108,031 ","  66,037 ","  68,204 ","  75,363 ","  75,845 ","  77,037 ","  77,336 ","  78,123 ","  78,186 ","  78,859 ","79,382"
Percent Black,Lake View,  0 ,  0 ,  0 ,  0 ,  1 ,  7 ,  6 ,  4 ,  4 ,  4 ,  3 ,  4 ,  3 ,  3 ,  3 
Percent Hispanic,Lake View,  - ,  - ,  - ,  - ,  13 ,  19 ,  14 ,  9 ,  8 ,  8 ,  8 ,  7 ,  7 ,  8 ,  8 
Percent White,Lake View,  100 ,  100 ,  99 ,  97 ,  94 ,  68 ,  75 ,  79 ,  80 ,  80 ,  80 ,  80 ,  80 ,  79 ,  79 
Percent Asian,Lake View,  - ,  - ,  - ,  - ,  4 ,,  4 ,  5 ,  6 ,  7 ,  7 ,  7 ,  7 ,  7 ,  6 
Total,Lincoln Park,"  97,873 ","  100,826 ","  102,396 ","  88,836 ","  67,804 ","  57,146 ","  61,092 ","  64,320 ","  64,116 ","  64,631 ","  65,889 ","  65,951 ","  66,959 ","  67,260 ","67,710"
Asian,Lincoln Park,,,,,"  2,254 ",    ,"  1,413 ","  2,325 ","  3,296 ","  3,712 ","  3,330 ","  3,633 ","  3,806 ","  4,243 ","4,653"
Black or African-American,Lincoln Park,  143 ,  132 ,  205 ,"  1,358 ","  4,904 ","  4,800 ","  3,590 ","  3,323 ","  2,753 ","  2,731 ","  2,766 ","  2,691 ","  3,204 ","  3,134 ","3,206"
Persons of Spanish Language*,Lincoln Park,,,,,"  9,880 ","  5,991 ","  3,981 ","  3,254 ","  3,571 ","  4,238 ","  4,665 ","  4,771 ","  4,418 ","  4,675 ","4,446"
White,Lincoln Park,"  97,393 ","  100,564 ","  100,543 ","  84,604 ","  59,759 ","  44,258 ","  51,968 ","  54,341 ","  53,138 ","  52,663 ","  53,706 ","  53,345 ","  53,676 ","  53,151 ","53,512"
Percent Black,Lincoln Park,  0 ,  0 ,  0 ,  2 ,  7 ,  8 ,  6 ,  5 ,  4 ,  4 ,  4 ,  4 ,  5 ,  5 ,  5 
Percent Hispanic,Lincoln Park,  - ,  - ,  - ,  - ,  15 ,  10 ,  7 ,  5 ,  6 ,  7 ,  7 ,  7 ,  7 ,  7 ,  7 
Percent White,Lincoln Park,  100 ,  100 ,  98 ,  95 ,  88 ,  77 ,  85 ,  84 ,  83 ,  81 ,  82 ,  81 ,  80 ,  79 ,  79 
Percent Asian,Lincoln Park,  - ,  - ,  - ,  - ,  3 ,,  2 ,  4 ,  5 ,  6 ,  5 ,  6 ,  6 ,  6 ,  7 
Total, Near North Side ,"  79,554 ","  76,954 ","  89,196 ","  75,509 ","  70,269 ","  67,167 ","  62,842 ","  72,811 ","  80,484 ","  80,516 ","  83,215 ","  84,305 ","  85,711 ","  86,343 ","88,893"
Asian, Near North Side ,,,,,  704 ,    ,"  1,718 ","  4,434 ","  8,140 ","  8,731 ","  8,762 ","  9,031 ","  9,723 ","  9,906 ","9,982"
Black or African-American, Near North Side ,"  4,231 ","  5,158 ","  17,813 ","  23,114 ","  26,079 ","  21,812 ","  14,538 ","  13,884 ","  8,732 ","  7,625 ","  8,217 ","  7,908 ","  7,910 ","  7,376 ","8,049"
Persons of Spanish Language*, Near North Side ,,,,,"  2,227 ","  1,944 ","  1,856 ","  2,805 ","  3,974 ","  4,491 ","  4,853 ","  4,828 ","  4,530 ","  4,627 ","5,305"
White, Near North Side ,"  74,500 ","  71,003 ","  68,272 ","  50,569 ","  43,076 ","  42,090 ","  44,622 ","  50,397 ","  58,033 ","  57,777 ","  59,441 ","  60,299 ","  61,334 ","  62,243 ","63,507"
Percent Black, Near North Side ,  5 ,  7 ,  20 ,  31 ,  37 ,  32 ,  23 ,  19 ,  11 ,  9 ,  10 ,  9 ,  9 ,  9 ,  9 
Percent Hispanic, Near North Side ,  - ,  - ,  - ,  - ,  3 ,  3 ,  3 ,  4 ,  5 ,  6 ,  6 ,  6 ,  5 ,  5 ,  6 
Percent White, Near North Side ,  94 ,  92 ,  77 ,  67 ,  61 ,  63 ,  71 ,  69 ,  72 ,  72 ,  71 ,  72 ,  72 ,  72 ,  71 
Percent Asian, Near North Side ,  - ,  - ,  - ,  - ,  1 ,,  3 ,  6 ,  10 ,  11 ,  11 ,  11 ,  11 ,  11 ,  11 
Total,Edison Park,"  5,370 ","  5,999 ","  7,843 ","  12,568 ","  13,241 ","  12,457 ","  11,426 ","  11,259 ","  11,187 ","  11,135 ","  10,884 ","  10,993 ","  11,356 ","  11,150 ","11,753"
Asian,Edison Park,,,,,  25 ,    ,  148 ,  200 ,  269 ,  242 ,  258 ,  218 ,  167 ,  241 ,314
Black or African-American,Edison Park,  4 ,,,,,,  3 ,  19 ,  29 ,  - ,,  117 ,  120 ,  148 ,194
Persons of Spanish Language*,Edison Park,,,,,  38 ,  120 ,  217 ,  463 ,  872 ,  500 ,  686 ,  857 ,"  1,063 ",  752 ,"1,205"
White,Edison Park,"  5,366 ","  5,997 ","  7,842 ","  12,565 ","  13,209 ","  12,236 ","  11,053 ","  10,503 ","  9,885 ","  10,265 ","  9,834 ","  9,701 ","  9,926 ","  9,893 ","9,734"
Percent Black,Edison Park,  0 ,  - ,  - ,  - ,  - ,  - ,  0 ,  0 ,  0 ,  - ,  - ,  1 ,  1 ,  1 ,  2 
Percent Hispanic,Edison Park,  - ,  - ,  - ,  - ,  0 ,  1 ,  2 ,  4 ,  8 ,  4 ,  6 ,  8 ,  9 ,  7 ,  10 
Percent White,Edison Park,  100 ,  100 ,  100 ,  100 ,  100 ,  98 ,  97 ,  93 ,  88 ,  92 ,  90 ,  88 ,  87 ,  89 ,  83 
Percent Asian,Edison Park,  - ,  - ,  - ,  - ,  0 ,,  1 ,  2 ,  2 ,  2 ,  2 ,  2 ,  1 ,  2 ,  3 
Total, Norwood Park ,"  14,408 ","  16,466 ","  26,798 ","  40,953 ","  41,827 ","  40,585 ","  37,719 ","  37,669 ","  37,023 ","  37,429 ","  36,988 ","  36,486 ","  36,083 ","  36,002 ","36,936"
Asian, Norwood Park ,,,,,  93 ,    ,  704 ,"  1,216 ","  1,696 ","  1,706 ","  1,471 ","  1,354 ","  1,513 ","  1,170 ","1,222"
Black or African-American, Norwood Park ,  4 ,  4 ,  22 ,  12 ,  1 ,  7 ,  19 ,  332 ,  164 ,  311 ,  363 ,  343 ,  335 ,  169 ,165
Persons of Spanish Language*, Norwood Park ,,,,,  281 ,  390 ,"  1,005 ","  2,409 ","  4,442 ","  4,935 ","  5,419 ","  4,508 ","  4,272 ","  4,202 ","4,353"
White, Norwood Park ,"  14,402 ","  16,458 ","  26,759 ","  40,915 ","  41,710 ","  39,690 ","  35,947 ","  33,288 ","  30,157 ","  30,115 ","  29,171 ","  29,607 ","  29,164 ","  29,644 ","30,100"
Percent Black, Norwood Park ,  0 ,  0 ,  0 ,  0 ,  0 ,  0 ,  0 ,  1 ,  0 ,  1 ,  1 ,  1 ,  1 ,  0 ,  0 
Percent Hispanic, Norwood Park ,  - ,  - ,  - ,  - ,  1 ,  1 ,  3 ,  6 ,  12 ,  13 ,  15 ,  12 ,  12 ,  12 ,  12 
Percent White, Norwood Park ,  100 ,  100 ,  100 ,  100 ,  100 ,  98 ,  95 ,  88 ,  81 ,  80 ,  79 ,  81 ,  81 ,  82 ,  81 
Percent Asian, Norwood Park ,  - ,  - ,  - ,  - ,  0 ,,  2 ,  3 ,  5 ,  5 ,  4 ,  4 ,  4 ,  3 ,  3 
Total,Jefferson Park,"  20,532 ","  21,537 ","  23,556 ","  27,494 ","  27,553 ","  24,583 ","  23,649 ","  25,859 ","  25,448 ","  26,771 ","  27,212 ","  26,975 ","  27,264 ","  26,755 ","26,808"
Asian,Jefferson Park,,,,,  45 ,,  778 ,"  1,237 ","  2,256 ","  2,518 ","  2,689 ","  2,341 ","  2,444 ","  2,597 ","2,476"
Black or African-American,Jefferson Park,  2 ,  6 ,  8 ,  - ,  2 ,  5 ,  16 ,  81 ,  265 ,  369 ,  344 ,  340 ,  250 ,  274 ,236
Persons of Spanish Language*,Jefferson Park,,,,,  115 ,  395 ,"  1,041 ","  2,881 ","  4,927 ","  5,343 ","  5,682 ","  5,374 ","  6,218 ","  6,125 ","5,948"
White,Jefferson Park,"  20,522 ","  21,523 ","  23,538 ","  27,475 ","  27,494 ","  23,803 ","  21,762 ","  21,101 ","  17,475 ","  18,075 ","  18,061 ","  18,362 ","  17,761 ","  17,155 ","17,522"
Percent Black,Jefferson Park,  0 ,  0 ,  0 ,  - ,  0 ,  0 ,  0 ,  0 ,  1 ,  1 ,  1 ,  1 ,  1 ,  1 ,  1 
Percent Hispanic,Jefferson Park,  - ,  - ,  - ,  - ,  0 ,  2 ,  4 ,  11 ,  19 ,  20 ,  21 ,  20 ,  23 ,  23 ,  22 
Percent White,Jefferson Park,  100 ,  100 ,  100 ,  100 ,  100 ,  97 ,  92 ,  82 ,  69 ,  68 ,  66 ,  68 ,  65 ,  64 ,  65 
Percent Asian,Jefferson Park,  - ,  - ,  - ,  - ,  0 ,  - ,  3 ,  5 ,  9 ,  9 ,  10 ,  9 ,  9 ,  10 ,  9 
Total,Forest Glen,"  4,065 ","  6,630 ","  12,189 ","  19,228 ","  20,531 ","  18,991 ","  17,655 ","  18,165 ","  18,508 ","  18,542 ","  18,710 ","  18,478 ","  18,437 ","  18,631 ","18,997"
Asian,Forest Glen,,,,,  90 ,    ,"  1,054 ","  1,586 ","  1,989 ","  2,207 ","  2,356 ","  2,547 ","  2,470 ","  1,971 ","2,390"
Black or African-American,Forest Glen,  2 ,  13 ,  13 ,  6 ,  4 ,  11 ,  9 ,  71 ,  137 ,  300 ,  153 ,  31 ,  177 ,  169 ,188
Persons of Spanish Language*,Forest Glen,,,,,  82 ,  295 ,  583 ,"  1,389 ","  2,126 ","  2,408 ","  2,213 ","  2,357 ","  2,204 ","  2,439 ","2,612"
White,Forest Glen,"  4,058 ","  6,616 ","  12,173 ","  19,203 ","  20,419 ","  18,144 ","  15,992 ","  14,793 ","  13,815 ","  13,354 ","  13,734 ","  13,275 ","  13,242 ","  13,655 ","13,429"
Percent Black,Forest Glen,  0 ,  0 ,  0 ,  0 ,  0 ,  0 ,  0 ,  0 ,  1 ,  2 ,  1 ,  0 ,  1 ,  1 ,  1 
Percent Hispanic,Forest Glen,  - ,  - ,  - ,  - ,  0 ,  2 ,  3 ,  8 ,  11 ,  13 ,  12 ,  13 ,  12 ,  13 ,  14 
Percent White,Forest Glen,  100 ,  100 ,  100 ,  100 ,  99 ,  96 ,  91 ,  81 ,  75 ,  72 ,  73 ,  72 ,  72 ,  73 ,  71 
Percent Asian,Forest Glen,  - ,  - ,  - ,  - ,  0 ,,  6 ,  9 ,  11 ,  12 ,  13 ,  14 ,  13 ,  11 ,  13 
Total,North Park,"  11,052 ","  12,271 ","  15,291 ","  17,866 ","  16,732 ","  15,273 ","  16,236 ","  18,514 ","  17,931 ","  18,739 ","  19,218 ","  18,058 ","  18,442 ","  18,743 ","18,842"
Asian,North Park,,,,,  220 ,    ,"  3,308 ","  4,415 ","  4,600 ","  5,178 ","  5,402 ","  4,359 ","  4,541 ","  5,121 ","4,703"
Black or African-American,North Park,  66 ,  149 ,  555 ,  517 ,  432 ,  136 ,  129 ,  452 ,  573 ,  314 ,  381 ,  531 ,  473 ,  448 ,541
Persons of Spanish Language*,North Park,,,,,  391 ,  846 ,"  1,481 ","  2,652 ","  3,224 ","  3,428 ","  3,457 ","  3,864 ","  3,632 ","  3,092 ","3,154"
White,North Park,"  10,951 ","  12,122 ","  14,706 ","  17,280 ","  16,036 ","  12,627 ","  11,267 ","  10,336 ","  8,847 ","  9,358 ","  9,531 ","  8,998 ","  9,358 ","  9,642 ","9,789"
Percent Black,North Park,  1 ,  1 ,  4 ,  3 ,  3 ,  1 ,  1 ,  2 ,  3 ,  2 ,  2 ,  3 ,  3 ,  2 ,  3 
Percent Hispanic,North Park,  - ,  - ,  - ,  - ,  2 ,  6 ,  9 ,  14 ,  18 ,  18 ,  18 ,  21 ,  20 ,  16 ,  17 
Percent White,North Park,  99 ,  99 ,  96 ,  97 ,  96 ,  83 ,  69 ,  56 ,  49 ,  50 ,  50 ,  50 ,  51 ,  51 ,  52 
Percent Asian,North Park,  - ,  - ,  - ,  - ,  1 ,,  20 ,  24 ,  26 ,  28 ,  28 ,  24 ,  25 ,  27 ,  25 
Albany Park,North Park,,,,,,,,,,,,,,,
Total,Albany Park,"  55,577 ","  56,692 ","  52,995 ","  49,450 ","  47,092 ","  46,075 ","  49,501 ","  57,655 ","  51,542 ","  53,897 ","  54,018 ","  52,930 ","  52,079 ","  51,575 ","51,992"
Asian,Albany Park,,,,,  875 ,    ,"  11,470 ","  10,178 ","  7,430 ","  6,710 ","  7,324 ","  7,387 ","  8,275 ","  7,883 ","7,536"
Black or African-American,Albany Park,  46 ,  56 ,  48 ,  19 ,  30 ,  261 ,"  1,491 ","  1,907 ","  2,076 ","  2,177 ","  2,147 ","  2,017 ","  2,215 ","  2,337 ","2,401"
Persons of Spanish Language*,Albany Park,,,,,"  2,852 ","  9,074 ","  15,738 ","  26,741 ","  25,487 ","  28,257 ","  27,953 ","  26,892 ","  25,003 ","  24,892 ","24,927"
White,Albany Park,"  55,495 ","  56,593 ","  52,904 ","  49,250 ","  45,969 ","  29,014 ","  20,458 ","  15,866 ","  15,054 ","  15,844 ","  15,392 ","  15,421 ","  15,349 ","  14,932 ","15,608"
Percent Black,Albany Park,  0 ,  0 ,  0 ,  0 ,  0 ,  1 ,  3 ,  3 ,  4 ,  4 ,  4 ,  4 ,  4 ,  5 ,  5 
Percent Hispanic,Albany Park,  - ,  - ,  - ,  - ,  6 ,  20 ,  32 ,  46 ,  49 ,  52 ,  52 ,  51 ,  48 ,  48 ,  48 
Percent White,Albany Park,  100 ,  100 ,  100 ,  100 ,  98 ,  63 ,  41 ,  28 ,  29 ,  29 ,  28 ,  29 ,  29 ,  29 ,  30 
Percent Asian,Albany Park,  - ,  - ,  - ,  - ,  2 ,,  23 ,  18 ,  14 ,  12 ,  14 ,  14 ,  16 ,  15 ,  14 
Total,Portage Park,"  64,203 ","  66,357 ","  64,736 ","  65,925 ","  63,608 ","  57,349 ","  56,513 ","  65,340 ","  64,124 ","  63,619 ","  63,594 ","  64,427 ","  64,846 ","  64,523 ","64,313"
Asian,Portage Park,,,,,  169 ,    ,"  1,594 ","  2,467 ","  2,972 ","  2,715 ","  2,461 ","  2,866 ","  2,918 ","  2,946 ","3,260"
Black or African-American,Portage Park,  9 ,  8 ,  39 ,  17 ,  21 ,  47 ,  146 ,  336 ,  856 ,  811 ,  757 ,  827 ,  812 ,  863 ,901
Persons of Spanish Language*,Portage Park,,,,,  670 ,"  1,486 ","  4,419 ","  15,022 ","  24,861 ","  26,388 ","  27,363 ","  26,980 ","  27,108 ","  27,576 ","26,216"
White,Portage Park,"  64,181 ","  66,330 ","  64,660 ","  65,841 ","  63,352 ","  54,812 ","  50,244 ","  45,418 ","  34,329 ","  32,429 ","  31,867 ","  32,755 ","  32,643 ","  31,778 ","32,329"
Percent Black,Portage Park,  0 ,  0 ,  0 ,  0 ,  0 ,  0 ,  0 ,  1 ,  1 ,  1 ,  1 ,  1 ,  1 ,  1 ,  1 
Percent Hispanic,Portage Park,  - ,  - ,  - ,  - ,  1 ,  3 ,  8 ,  23 ,  39 ,  41 ,  43 ,  42 ,  42 ,  43 ,  41 
Percent White,Portage Park,  100 ,  100 ,  100 ,  100 ,  100 ,  96 ,  89 ,  70 ,  54 ,  51 ,  50 ,  51 ,  50 ,  49 ,  50 
Percent Asian,Portage Park,  - ,  - ,  - ,  - ,  0 ,,  3 ,  4 ,  5 ,  4 ,  4 ,  4 ,  4 ,  5 ,  5 
Total,Irving Park,"  66,783 ","  66,553 ","  64,881 ","  58,298 ","  54,900 ","  49,489 ","  50,159 ","  58,643 ","  53,359 ","  56,513 ","  56,841 ","  56,490 ","  56,520 ","  55,417 ","54,606"
Asian,Irving Park,,,,,  345 ,    ,"  4,093 ","  4,362 ","  3,736 ","  4,004 ","  3,984 ","  4,287 ","  4,641 ","  4,579 ","4,786"
Black or African-American,Irving Park,  37 ,  14 ,  30 ,  20 ,  27 ,  59 ,  409 ,"  1,121 ","  1,736 ","  1,668 ","  1,536 ","  1,646 ","  1,271 ","  1,543 ","1,479"
Persons of Spanish Language*,Irving Park,,,,,"  1,596 ","  4,267 ","  12,222 ","  25,401 ","  24,332 ","  25,449 ","  26,387 ","  26,558 ","  26,359 ","  24,733 ","23,704"
White,Irving Park,"  66,708 ","  66,509 ","  64,755 ","  58,125 ","  54,432 ","  42,173 ","  33,193 ","  25,912 ","  22,234 ","  24,229 ","  23,748 ","  22,492 ","  22,650 ","  22,975 ","22,786"
Percent Black,Irving Park,  0 ,  0 ,  0 ,  0 ,  0 ,  0 ,  1 ,  2 ,  3 ,  3 ,  3 ,  3 ,  2 ,  3 ,  3 
Percent Hispanic,Irving Park,  - ,  - ,  - ,  - ,  3 ,  9 ,  24 ,  43 ,  46 ,  45 ,  46 ,  47 ,  47 ,  45 ,  43 
Percent White,Irving Park,  100 ,  100 ,  100 ,  100 ,  99 ,  85 ,  66 ,  44 ,  42 ,  43 ,  42 ,  40 ,  40 ,  41 ,  42 
Percent Asian,Irving Park,  - ,  - ,  - ,  - ,  1 ,,  8 ,  7 ,  7 ,  7 ,  7 ,  8 ,  8 ,  8 ,  9 
Total,Dunning,"  19,659 ","  23,328 ","  32,231 ","  41,626 ","  43,856 ","  37,860 ","  36,957 ","  42,164 ","  41,932 ","  42,115 ","  42,405 ","  43,053 ","  43,025 ","  43,444 ","43,689"
Asian,Dunning,,,,,  78 ,    ,  839 ,"  1,315 ","  1,587 ","  1,617 ","  1,471 ","  1,583 ","  1,800 ","  1,755 ","2,202"
Black or African-American,Dunning,  3 ,  6 ,  7 ,  2 ,  311 ,  182 ,  158 ,  234 ,  308 ,  426 ,  463 ,  694 ,"  1,035 ",  895 ,807
Persons of Spanish Language*,Dunning,,,,,  345 ,  613 ,"  1,882 ","  5,441 ","  9,997 ","  9,706 ","  10,439 ","  11,255 ","  11,448 ","  12,559 ","12,245"
White,Dunning,"  19,648 ","  23,306 ","  32,217 ","  41,560 ","  43,449 ","  36,704 ","  34,038 ","  34,394 ","  29,512 ","  29,975 ","  29,642 ","  29,060 ","  28,340 ","  27,862 ","28,165"
Percent Black,Dunning,  0 ,  0 ,  0 ,  0 ,  1 ,  0 ,  0 ,  1 ,  1 ,  1 ,  1 ,  2 ,  2 ,  2 ,  2 
Percent Hispanic,Dunning,  - ,  - ,  - ,  - ,  1 ,  2 ,  5 ,  13 ,  24 ,  23 ,  25 ,  26 ,  27 ,  29 ,  28 
Percent White,Dunning,  100 ,  100 ,  100 ,  100 ,  99 ,  97 ,  92 ,  82 ,  70 ,  71 ,  70 ,  67 ,  66 ,  64 ,  64 
Percent Asian,Dunning,  - ,  - ,  - ,  - ,  0 ,,  2 ,  3 ,  4 ,  4 ,  3 ,  4 ,  4 ,  4 ,  5 
Total,Montclare,"  8,500 ","  9,693 ","  11,166 ","  11,802 ","  11,675 ","  10,793 ","  10,573 ","  12,646 ","  13,426 ","  12,401 ","  12,283 ","  12,840 ","  12,973 ","  12,992 ","13,784"
Asian,Montclare,,,,,  15 ,    ,  231 ,  337 ,  377 ,  552 ,  912 ,  740 ,  611 ,  519 ,444
Black or African-American,Montclare,  5 ,  2 ,  4 ,  1 ,  1 , - ,  36 ,  264 ,  598 ,  524 ,  519 ,  464 ,  575 ,  582 ,518
Persons of Spanish Language*,Montclare,,,,,  81 ,  179 ,"  1,199 ","  4,865 ","  7,248 ","  6,408 ","  6,324 ","  7,481 ","  8,092 ","  7,585 ","8,064"
White,Montclare,"  8,493 ","  9,686 ","  11,158 ","  11,785 ","  11,642 ","  10,516 ","  9,086 ","  6,892 ","  5,041 ","  4,780 ","  4,387 ","  4,051 ","  3,615 ","  4,032 ","4,518"
Percent Black,Montclare,  0 ,  0 ,  0 ,  0 ,  0 ,,  0 ,  2 ,  4 ,  4 ,  4 ,  4 ,  4 ,  4 ,  4 
Percent Hispanic,Montclare,  - ,  - ,  - ,  - ,  1 ,  2 ,  11 ,  38 ,  54 ,  52 ,  51 ,  58 ,  62 ,  58 ,  59 
Percent White,Montclare,  100 ,  100 ,  100 ,  100 ,  100 ,  97 ,  86 ,  54 ,  38 ,  39 ,  36 ,  32 ,  28 ,  31 ,  33 
Percent Asian,Montclare,  - ,  - ,  - ,  - ,  0 ,,  2 ,  3 ,  3 ,  4 ,  7 ,  6 ,  5 ,  4 ,  3 
Total,Belmont Cragin,"  60,221 ","  63,302 ","  63,546 ","  60,883 ","  57,399 ","  53,371 ","  56,787 ","  78,144 ","  78,743 ","  77,885 ","  78,279 ","  79,069 ","  79,210 ","  78,155 ","79,956"
Asian,Belmont Cragin,,,,,  102 ,    ,"  1,768 ","  1,989 ","  1,537 ",  993 ,  938 ,"  1,273 ","  1,187 ","  1,336 ","1,566"
Black or African-American,Belmont Cragin,  4 ,  4 ,  59 ,  3 ,  10 ,  43 ,  564 ,"  2,000 ","  2,493 ","  3,822 ","  3,323 ","  2,804 ","  2,485 ","  2,196 ","2,103"
Persons of Spanish Language*,Belmont Cragin,,,,,  666 ,"  3,072 ","  17,066 ","  50,881 ","  62,101 ","  59,975 ","  61,516 ","  62,790 ","  63,377 ","  62,968 ","64,806"
White,Belmont Cragin,"  60,177 ","  63,282 ","  63,471 ","  60,838 ","  57,221 ","  49,212 ","  37,265 ","  21,881 ","  11,959 ","  11,897 ","  11,658 ","  11,249 ","  11,298 ","  10,879 ","10,762"
Percent Black,Belmont Cragin,  0 ,  0 ,  0 ,  0 ,  0 ,  0 ,  1 ,  3 ,  3 ,  5 ,  4 ,  4 ,  3 ,  3 ,  3 
Percent Hispanic,Belmont Cragin,  - ,  - ,  - ,  - ,  1 ,  6 ,  30 ,  65 ,  79 ,  77 ,  79 ,  79 ,  80 ,  81 ,  81 
Percent White,Belmont Cragin,  100 ,  100 ,  100 ,  100 ,  100 ,  92 ,  66 ,  28 ,  15 ,  15 ,  15 ,  14 ,  14 ,  14 ,  13 
Percent Asian,Belmont Cragin,  - ,  - ,  - ,  - ,  0 ,,  3 ,  3 ,  2 ,  1 ,  1 ,  2 ,  1 ,  2 ,  2 
Total,Hermosa,"  23,518 ","  22,894 ","  22,805 ","  21,429 ","  19,838 ","  19,547 ","  23,131 ","  26,908 ","  25,010 ","  25,068 ","  25,265 ","  24,836 ","  25,489 ","  24,450 ","24,144"
Asian,Hermosa,,,,,  74 ,    ,  459 ,  319 ,  294 ,  111 ,  149 ,  204 ,  355 ,  384 ,440
Black or African-American,Hermosa,  7 ,,  3 ,  - ,  8 ,  53 ,  310 ,  649 ,  757 ,  196 ,  332 ,  377 ,  379 ,  502 ,753
Persons of Spanish Language*,Hermosa,,,,,  777 ,"  6,101 ","  15,923 ","  22,574 ","  21,860 ","  22,612 ","  22,750 ","  22,174 ","  22,491 ","  21,321 ","20,469"
White,Hermosa,"  23,506 ","  22,887 ","  22,774 ","  21,401 ","  19,731 ","  12,704 ","  6,354 ","  3,086 ","  1,913 ","  1,974 ","  1,842 ","  1,814 ","  1,880 ","  1,900 ","2,205"
Percent Black,Hermosa,  0 ,  - ,  0 ,  - ,  0 ,  0 ,  1 ,  2 ,  3 ,  1 ,  1 ,  2 ,  1 ,  2 ,  3 
Percent Hispanic,Hermosa,  - ,  - ,  - ,  - ,  4 ,  31 ,  69 ,  84 ,  87 ,  90 ,  90 ,  89 ,  88 ,  87 ,  85 
Percent White,Hermosa,  100 ,  100 ,  100 ,  100 ,  99 ,  65 ,  27 ,  11 ,  8 ,  8 ,  7 ,  7 ,  7 ,  8 ,  9 
Percent Asian,Hermosa,  - ,  - ,  - ,  - ,  0 ,,  2 ,  1 ,  1 ,  0 ,  1 ,  1 ,  1 ,  2 ,  2 
Total,Avondale,"  48,433 ","  47,684 ","  45,313 ","  39,748 ","  35,806 ","  33,527 ","  35,579 ","  43,083 ","  39,262 ","  41,542 ","  40,262 ","  39,117 ","  39,721 ","  38,191 ","37,368"
Asian,Avondale,,,,,  175 ,    ,"  1,102 ",  953 ,"  1,194 ","  1,289 ","  1,268 ","  1,297 ","  1,305 ","  1,340 ","1,537"
Black or African-American,Avondale,  4 ,  12 ,  18 ,  3 ,  11 ,  50 ,  332 ,  669 ,  991 ,"  1,110 ",  794 ,  873 ,  842 ,  800 ,784
Persons of Spanish Language*,Avondale,,,,,"  1,645 ","  6,863 ","  13,359 ","  26,700 ","  25,295 ","  27,177 ","  25,639 ","  23,537 ","  24,563 ","  23,368 ","21,491"
White,Avondale,"  48,422 ","  47,656 ","  45,268 ","  39,613 ","  35,472 ","  25,289 ","  20,653 ","  12,757 ","  11,166 ","  11,010 ","  11,699 ","  12,629 ","  12,327 ","  11,898 ","12,843"
Percent Black,Avondale,  0 ,  0 ,  0 ,  0 ,  0 ,  0 ,  1 ,  2 ,  3 ,  3 ,  2 ,  2 ,  2 ,  2 ,  2 
Percent Hispanic,Avondale,  - ,  - ,  - ,  - ,  5 ,  20 ,  38 ,  62 ,  64 ,  65 ,  64 ,  60 ,  62 ,  61 ,  58 
Percent White,Avondale,  100 ,  100 ,  100 ,  100 ,  99 ,  75 ,  58 ,  30 ,  28 ,  27 ,  29 ,  32 ,  31 ,  31 ,  34 
Percent Asian,Avondale,  - ,  - ,  - ,  - ,  0 ,,  3 ,  2 ,  3 ,  3 ,  3 ,  3 ,  3 ,  4 ,  4 
Total,Logan Square,"  114,174 ","  110,010 ","  106,763 ","  94,799 ","  88,555 ","  84,768 ","  82,605 ","  82,715 ","  72,791 ","  73,786 ","  73,929 ","  74,055 ","  74,549 ","  74,606 ","73,927"
Asian,Logan Square,,,,,  599 ,    ,  935 ,"  1,087 ","  1,828 ","  2,061 ","  2,265 ","  1,896 ","  2,124 ","  2,234 ","2,410"
Black or African-American,Logan Square,  19 ,  39 ,  208 ,  371 ,  629 ,"  2,004 ","  4,497 ","  4,290 ","  3,900 ","  4,710 ","  4,305 ","  3,934 ","  3,452 ","  3,556 ","3,672"
Persons of Spanish Language*,Logan Square,,,,,"  15,765 ","  43,829 ","  54,740 ","  53,833 ","  37,295 ","  35,140 ","  34,779 ","  34,658 ","  34,677 ","  33,868 ","31,931"
White,Logan Square,"  114,086 ","  109,932 ","  106,442 ","  94,076 ","  86,455 ","  36,848 ","  22,081 ","  21,742 ","  28,514 ","  30,665 ","  31,369 ","  32,081 ","  32,784 ","  33,354 ","34,203"
Percent Black,Logan Square,  0 ,  0 ,  0 ,  0 ,  1 ,  2 ,  5 ,  5 ,  5 ,  6 ,  6 ,  5 ,  5 ,  5 ,  5 
Percent Hispanic,Logan Square,  - ,  - ,  - ,  - ,  18 ,  52 ,  66 ,  65 ,  51 ,  48 ,  47 ,  47 ,  47 ,  45 ,  43 
Percent White,Logan Square,  100 ,  100 ,  100 ,  99 ,  98 ,  43 ,  27 ,  26 ,  39 ,  42 ,  42 ,  43 ,  44 ,  45 ,  46 
Percent Asian,Logan Square,  - ,  - ,  - ,  - ,  1 ,,  1 ,  1 ,  3 ,  3 ,  3 ,  3 ,  3 ,  3 ,  3 
Total,Humboldt Park,"  80,835 ","  79,329 ","  76,199 ","  71,609 ","  71,726 ","  70,879 ","  67,573 ","  65,836 ","  56,323 ","  54,351 ","  52,788 ","  54,515 ","  55,011 ","  56,248 ","56,427"
Asian,Humboldt Park,,,,,  416 ,    ,  488 ,  239 ,  222 ,  147 ,  104 ,  270 ,  271 ,  305 ,385
Black or African-American,Humboldt Park,  43 ,  32 ,  53 ,  425 ,"  13,924 ","  24,957 ","  33,077 ","  31,207 ","  23,030 ","  22,680 ","  21,481 ","  22,604 ","  22,481 ","  20,912 ","19,849"
Persons of Spanish Language*,Humboldt Park,,,,,"  11,122 ","  28,872 ","  29,735 ","  31,607 ","  30,046 ","  27,823 ","  27,886 ","  28,095 ","  28,612 ","  30,847 ","31,676"
White,Humboldt Park,"  80,679 ","  79,284 ","  76,105 ","  70,972 ","  56,772 ","  15,061 ","  4,068 ","  2,184 ","  2,502 ","  3,009 ","  2,852 ","  2,863 ","  2,958 ","  3,258 ","3,480"
Percent Black,Humboldt Park,  0 ,  0 ,  0 ,  1 ,  19 ,  35 ,  49 ,  47 ,  41 ,  42 ,  41 ,  41 ,  41 ,  37 ,  35 
Percent Hispanic,Humboldt Park,  - ,  - ,  - ,  - ,  16 ,  41 ,  44 ,  48 ,  53 ,  51 ,  53 ,  52 ,  52 ,  55 ,  56 
Percent White,Humboldt Park,  100 ,  100 ,  100 ,  99 ,  79 ,  21 ,  6 ,  3 ,  4 ,  6 ,  5 ,  5 ,  5 ,  6 ,  6 
Percent Asian,Humboldt Park,  - ,  - ,  - ,  - ,  1 ,,  1 ,  0 ,  0 ,  0 ,  0 ,  0 ,  0 ,  1 ,  1 
Total,West Town,"  187,292 ","  169,924 ","  161,620 ","  139,657 ","  124,800 ","  96,428 ","  87,703 ","  87,435 ","  82,236 ","  84,087 ","  83,632 ","  84,319 ","  85,582 ","  84,458 ","83,621"
Asian,West Town,,,,,"  1,230 ",    ,  745 ,"  1,510 ","  3,106 ","  3,310 ","  3,109 ","  3,244 ","  3,413 ","  3,373 ","3,662"
Black or African-American,West Town,  841 ,  695 ,"  2,263 ","  2,366 ","  5,518 ","  8,299 ","  7,959 ","  7,979 ","  6,404 ","  7,106 ","  6,471 ","  6,188 ","  6,466 ","  6,551 ","5,615"
Persons of Spanish Language*,West Town,,,,,"  48,900 ","  54,693 ","  54,361 ","  40,966 ","  23,901 ","  24,074 ","  23,975 ","  23,730 ","  23,239 ","  22,477 ","21,081"
White,West Town,"  186,271 ","  169,167 ","  158,917 ","  136,479 ","  114,931 ","  30,232 ","  24,117 ","  34,445 ","  47,051 ","  48,007 ","  48,110 ","  48,787 ","  49,892 ","  49,729 ","50,854"
Percent Black,West Town,  0 ,  0 ,  1 ,  2 ,  4 ,  9 ,  9 ,  9 ,  8 ,  8 ,  8 ,  7 ,  8 ,  8 ,  7 
Percent Hispanic,West Town,  - ,  - ,  - ,  - ,  39 ,  57 ,  62 ,  47 ,  29 ,  29 ,  29 ,  28 ,  27 ,  27 ,  25 
Percent White,West Town,  99 ,  100 ,  98 ,  98 ,  92 ,  31 ,  27 ,  39 ,  57 ,  57 ,  58 ,  58 ,  58 ,  59 ,  61 
Percent Asian,West Town,  - ,  - ,  - ,  - ,  1 ,,  1 ,  2 ,  4 ,  4 ,  4 ,  4 ,  4 ,  4 ,  4 
Total,Austin,"  131,114 ","  132,107 ","  132,180 ","  125,133 ","  127,981 ","  138,026 ","  114,079 ","  117,527 ","  98,514 ","  98,162 ","  97,997 ","  99,711 ","  97,643 ","  97,611 ","95,260"
Asian,Austin,,,,,  754 ,    ,  896 ,  642 ,  573 ,  351 ,  446 ,  475 ,  481 ,  475 ,483
Black or African-American,Austin,  132 ,  60 ,  122 ,  31 ,"  41,584 ","  101,341 ","  98,504 ","  105,369 ","  83,837 ","  83,844 ","  82,991 ","  83,987 ","  81,066 ","  79,668 ","76,989"
Persons of Spanish Language*,Austin,,,,,"  4,577 ","  8,148 ","  4,154 ","  4,841 ","  8,722 ","  8,756 ","  9,253 ","  10,249 ","  11,132 ","  12,270 ","12,398"
White,Austin,"  130,932 ","  132,004 ","  131,970 ","  124,916 ","  84,914 ","  25,385 ","  10,391 ","  5,662 ","  4,364 ","  4,463 ","  4,456 ","  4,213 ","  4,353 ","  4,407 ","4,403"
Percent Black,Austin,  0 ,  0 ,  0 ,  0 ,  32 ,  73 ,  86 ,  90 ,  85 ,  85 ,  85 ,  84 ,  83 ,  82 ,  81 
Percent Hispanic,Austin,  - ,  - ,  - ,  - ,  4 ,  6 ,  4 ,  4 ,  9 ,  9 ,  9 ,  10 ,  11 ,  13 ,  13 
Percent White,Austin,  100 ,  100 ,  100 ,  100 ,  66 ,  18 ,  9 ,  5 ,  4 ,  5 ,  5 ,  4 ,  4 ,  5 ,  5 
Percent Asian,Austin,  - ,  - ,  - ,  - ,  1 ,,  1 ,  1 ,  1 ,  0 ,  0 ,  0 ,  0 ,  0 ,  1 
Total,West Garfield Park,"  50,014 ","  48,447 ","  48,443 ","  45,611 ","  48,464 ","  33,865 ","  24,095 ","  23,019 ","  18,001 ","  19,377 ","  18,715 ","  18,885 ","  17,733 ","  17,490 ","17,155"
Asian,West Garfield Park,,,,,  29 ,    ,  17 ,  18 ,  8 ,  18 ,  26 ,  49 ,  61 ,  33 ,44
Black or African-American,West Garfield Park,  46 ,  24 ,  23 ,"  7,204 ","  46,947 ","  33,281 ","  23,834 ","  22,564 ","  17,315 ","  18,764 ","  18,166 ","  18,083 ","  16,954 ","  16,705 ","16,199"
Persons of Spanish Language*,West Garfield Park,,,,,  344 ,  278 ,  133 ,  201 ,  348 ,  240 ,  156 ,  399 ,  353 ,  362 ,356
White,West Garfield Park,"  49,910 ","  48,392 ","  48,328 ","  38,152 ","  1,368 ",  204 ,  87 ,  133 ,  133 ,  274 ,  290 ,  289 ,  315 ,  277 ,384
Percent Black,West Garfield Park,  0 ,  0 ,  0 ,  16 ,  97 ,  98 ,  99 ,  98 ,  96 ,  97 ,  97 ,  96 ,  96 ,  96 ,  94 
Percent Hispanic,West Garfield Park,  - ,  - ,  - ,  - ,  1 ,  1 ,  1 ,  1 ,  2 ,  1 ,  1 ,  2 ,  2 ,  2 ,  2 
Percent White,West Garfield Park,  100 ,  100 ,  100 ,  84 ,  3 ,  1 ,  0 ,  1 ,  1 ,  1 ,  2 ,  2 ,  2 ,  2 ,  2 
Percent Asian,West Garfield Park,  - ,  - ,  - ,  - ,  0 ,,  0 ,  0 ,  0 ,  0 ,  0 ,  0 ,  0 ,  0 ,  0 
Total,East Garfield Park,"  63,353 ","  65,789 ","  70,091 ","  66,871 ","  52,185 ","  31,580 ","  24,030 ","  20,881 ","  20,567 ","  21,316 ","  20,705 ","  20,271 ","  20,665 ","  20,234 ","20,004"
Asian,East Garfield Park,,,,,  54 ,    ,  14 ,  25 ,  83 ,  92 ,  81 ,  59 ,  57 ,  80 ,145
Black or African-American,East Garfield Park,"  1,848 ","  2,990 ","  11,695 ","  41,097 ","  51,128 ","  31,058 ","  23,674 ","  20,296 ","  18,696 ","  20,043 ","  19,248 ","  18,543 ","  18,862 ","  18,155 ","17,736"
Persons of Spanish Language*,East Garfield Park,,,,,  534 ,  263 ,  151 ,  207 ,  850 ,  368 ,  518 ,  680 ,  728 ,  712 ,719
White,East Garfield Park,"  61,339 ","  62,704 ","  58,144 ","  25,409 ",  885 ,  195 ,  163 ,  235 ,  698 ,  662 ,  712 ,  827 ,  878 ,"  1,079 ","1,120"
Percent Black,East Garfield Park,  3 ,  5 ,  17 ,  61 ,  98 ,  98 ,  99 ,  97 ,  91 ,  94 ,  93 ,  91 ,  91 ,  90 ,  89 
Percent Hispanic,East Garfield Park,  - ,  - ,  - ,  - ,  1 ,  1 ,  1 ,  1 ,  4 ,  2 ,  3 ,  3 ,  4 ,  4 ,  4 
Percent White,East Garfield Park,  97 ,  95 ,  83 ,  38 ,  2 ,  1 ,  1 ,  1 ,  3 ,  3 ,  3 ,  4 ,  4 ,  5 ,  6 
Percent Asian,East Garfield Park,  - ,  - ,  - ,  - ,  0 ,,  0 ,  0 ,  0 ,  0 ,  0 ,  0 ,  0 ,  0 ,  1 
Total,Near West Side,"  152,457 ","  136,518 ","  160,362 ","  126,610 ","  78,703 ","  57,305 ","  46,197 ","  46,419 ","  54,881 ","  54,151 ","  55,877 ","  58,899 ","  61,768 ","  62,560 ","62,872"
Asian,Near West Side,,,,,  747 ,    ,"  2,283 ","  4,861 ","  8,022 ","  7,976 ","  7,917 ","  8,731 ","  9,626 ","  10,267 ","10,780"
Black or African-American,Near West Side,"  25,239 ","  25,774 ","  65,520 ","  68,146 ","  56,836 ","  42,452 ","  30,700 ","  24,546 ","  17,303 ","  17,319 ","  17,328 ","  17,802 ","  18,772 ","  18,559 ","18,151"
Persons of Spanish Language*,Near West Side,,,,,"  7,014 ","  5,705 ","  4,416 ","  4,415 ","  5,048 ","  4,795 ","  5,890 ","  6,046 ","  6,186 ","  6,105 ","6,245"
White,Near West Side,"  119,696 ","  110,274 ","  93,934 ","  57,676 ","  19,817 ","  7,311 ","  8,672 ","  11,731 ","  23,042 ","  22,669 ","  23,559 ","  25,091 ","  25,876 ","  26,071 ","26,122"
Percent Black,Near West Side,  17 ,  19 ,  41 ,  54 ,  72 ,  74 ,  66 ,  53 ,  32 ,  32 ,  31 ,  30 ,  30 ,  30 ,  29 
Percent Hispanic,Near West Side,  - ,  - ,  - ,  - ,  9 ,  10 ,  10 ,  10 ,  9 ,  9 ,  11 ,  10 ,  10 ,  10 ,  10 
Percent White,Near West Side,  79 ,  81 ,  59 ,  46 ,  25 ,  13 ,  19 ,  25 ,  42 ,  42 ,  42 ,  43 ,  42 ,  42 ,  42 
Percent Asian,Near West Side,  - ,  - ,  - ,  - ,  1 ,,  5 ,  10 ,  15 ,  15 ,  14 ,  15 ,  16 ,  16 ,  17 
Total,North Lawndale,"  112,261 ","  102,470 ","  100,489 ","  124,937 ","  94,772 ","  61,534 ","  47,296 ","  41,768 ","  35,912 ","  36,074 ","  36,169 ","  35,623 ","  35,276 ","  35,423 ","35,947"
Asian,North Lawndale,,,,,  214 ,    ,  33 ,  54 ,  74 ,  72 ,  85 ,  84 ,  99 ,  83 ,77
Black or African-American,North Lawndale,  374 ,  380 ,"  13,146 ","  113,827 ","  91,292 ","  59,034 ","  45,371 ","  39,164 ","  32,835 ","  33,151 ","  32,807 ","  32,077 ","  31,397 ","  31,112 ","31,270"
Persons of Spanish Language*,North Lawndale,,,,,"  1,501 ","  1,653 ","  1,471 ","  1,896 ","  2,144 ","  1,800 ","  2,187 ","  2,358 ","  2,470 ","  2,897 ","3,140"
White,North Lawndale,"  111,821 ","  102,048 ","  87,096 ","  10,792 ","  2,966 ",  655 ,  358 ,  383 ,  492 ,  797 ,  681 ,  713 ,  811 ,  796 ,966
Percent Black,North Lawndale,  0 ,  0 ,  13 ,  91 ,  96 ,  96 ,  96 ,  94 ,  91 ,  92 ,  91 ,  90 ,  89 ,  88 ,  87 
Percent Hispanic,North Lawndale,  - ,  - ,  - ,  - ,  2 ,  3 ,  3 ,  5 ,  6 ,  5 ,  6 ,  7 ,  7 ,  8 ,  9 
Percent White,North Lawndale,  100 ,  100 ,  87 ,  9 ,  3 ,  1 ,  1 ,  1 ,  1 ,  2 ,  2 ,  2 ,  2 ,  2 ,  3 
Percent Asian,North Lawndale,  - ,  - ,  - ,  - ,  0 ,,  0 ,  0 ,  0 ,  0 ,  0 ,  0 ,  0 ,  0 ,  0 
Total,South Lawndale,"  76,749 ","  70,915 ","  66,977 ","  60,940 ","  62,895 ","  75,204 ","  81,155 ","  91,071 ","  79,288 ","  70,557 ","  69,951 ","  72,881 ","  73,826 ","  73,983 ","74,851"
Asian,South Lawndale,,,,,  179 ,    ,  88 ,  116 ,  113 ,  115 ,  109 ,  170 ,  181 ,  201 ,142
Black or African-American,South Lawndale,  679 ,  790 ,"  1,343 ","  3,568 ","  6,447 ","  6,329 ","  6,652 ","  11,759 ","  10,374 ","  7,856 ","  8,014 ","  8,570 ","  8,158 ","  8,831 ","9,101"
Persons of Spanish Language*,South Lawndale,,,,,"  20,044 ","  55,700 ","  69,131 ","  75,613 ","  65,457 ","  59,370 ","  59,082 ","  61,499 ","  62,928 ","  62,126 ","62,512"
White,South Lawndale,"  75,950 ","  70,106 ","  65,579 ","  57,278 ","  54,148 ","  12,444 ","  5,037 ","  3,210 ","  3,056 ","  3,065 ","  2,587 ","  2,393 ","  2,267 ","  2,545 ","2,856"
Percent Black,South Lawndale,  1 ,  1 ,  2 ,  6 ,  10 ,  8 ,  8 ,  13 ,  13 ,  11 ,  11 ,  12 ,  11 ,  12 ,  12 
Percent Hispanic,South Lawndale,  - ,  - ,  - ,  - ,  32 ,  74 ,  85 ,  83 ,  83 ,  84 ,  84 ,  84 ,  85 ,  84 ,  84 
Percent White,South Lawndale,  99 ,  99 ,  98 ,  94 ,  86 ,  17 ,  6 ,  4 ,  4 ,  4 ,  4 ,  3 ,  3 ,  3 ,  4 
Percent Asian,South Lawndale,  - ,  - ,  - ,  - ,  0 ,,  0 ,  0 ,  0 ,  0 ,  0 ,  0 ,  0 ,  0 ,  0 
Total,Lower West Side,"  66,198 ","  57,908 ","  53,991 ","  48,448 ","  44,498 ","  44,951 ","  45,654 ","  44,031 ","  35,769 ","  36,577 ","  35,353 ","  34,979 ","  34,410 ","  32,998 ","32,888"
Asian,Lower West Side,,,,,  72 ,    ,  68 ,  121 ,  371 ,  367 ,  379 ,  383 ,  598 ,  718 ,803
Black or African-American,Lower West Side,  5 ,  6 ,  172 ,  530 ,"  1,068 ",  403 ,  404 ,  774 ,"  1,108 ","  1,175 ","  1,349 ","  1,294 ","  1,117 ","  1,258 ","1,288"
Persons of Spanish Language*,Lower West Side,,,,,"  24,463 ","  34,867 ","  40,227 ","  39,144 ","  29,486 ","  30,053 ","  28,835 ","  28,661 ","  27,693 ","  25,699 ","25,116"
White,Lower West Side,"  65,714 ","  57,881 ","  53,800 ","  47,795 ","  41,757 ","  9,223 ","  4,806 ","  3,587 ","  4,447 ","  4,562 ","  4,385 ","  4,303 ","  4,617 ","  4,955 ","5,268"
Percent Black,Lower West Side,  0 ,  0 ,  0 ,  1 ,  2 ,  1 ,  1 ,  2 ,  3 ,  3 ,  4 ,  4 ,  3 ,  4 ,  4 
Percent Hispanic,Lower West Side,  - ,  - ,  - ,  - ,  55 ,  78 ,  88 ,  89 ,  82 ,  82 ,  82 ,  82 ,  80 ,  78 ,  76 
Percent White,Lower West Side,  99 ,  100 ,  100 ,  99 ,  94 ,  21 ,  11 ,  8 ,  12 ,  12 ,  12 ,  12 ,  13 ,  15 ,  16 
Percent Asian,Lower West Side,  - ,  - ,  - ,  - ,  0 ,,  0 ,  0 ,  1 ,  1 ,  1 ,  1 ,  2 ,  2 ,  2 
Total,Loop,"  7,851 ","  6,221 ","  7,018 ","  4,337 ","  4,936 ","  6,462 ","  11,954 ","  16,388 ","  29,283 ","  26,363 ","  28,614 ","  30,642 ","  33,442 ","  35,010 ","35,880"
Asian,Loop,,,,,  48 ,    ,  439 ,"  1,625 ","  4,658 ","  4,362 ","  5,054 ","  5,131 ","  5,745 ","  6,162 ","6,226"
Black or African-American,Loop,  98 ,  14 ,  277 ,  449 ,  587 ,"  1,223 ","  2,255 ","  3,221 ","  3,361 ","  3,139 ","  3,454 ","  3,786 ","  4,131 ","  4,003 ","3,945"
Persons of Spanish Language*,Loop,,,,,  83 ,  222 ,  679 ,  975 ,"  2,010 ","  1,452 ","  1,688 ","  1,823 ","  2,156 ","  2,115 ","2,471"
White,Loop,"  7,639 ","  6,115 ","  6,642 ","  3,841 ","  4,274 ","  4,667 ","  8,550 ","  10,169 ","  18,359 ","  16,716 ","  17,626 ","  19,094 ","  20,378 ","  21,691 ","22,244"
Percent Black,Loop,  1 ,  0 ,  4 ,  10 ,  12 ,  19 ,  19 ,  20 ,  11 ,  12 ,  12 ,  12 ,  12 ,  11 ,  11 
Percent Hispanic,Loop,  - ,  - ,  - ,  - ,  2 ,  3 ,  6 ,  6 ,  7 ,  6 ,  6 ,  6 ,  6 ,  6 ,  7 
Percent White,Loop,  97 ,  98 ,  95 ,  89 ,  87 ,  72 ,  72 ,  62 ,  63 ,  63 ,  62 ,  62 ,  61 ,  62 ,  62 
Percent Asian,Loop,  - ,  - ,  - ,  - ,  1 ,,  4 ,  10 ,  16 ,  17 ,  18 ,  17 ,  17 ,  18 ,  17 
Total,Near South Side,"  10,416 ","  7,306 ","  11,317 ","  10,350 ","  8,767 ","  7,243 ","  6,828 ","  9,509 ","  21,390 ","  20,245 ","  21,042 ","  22,021 ","  22,401 ","  23,190 ","23,620"
Asian,Near South Side,,,,,  155 ,    ,  51 ,  516 ,"  3,307 ","  3,692 ","  3,762 ","  4,246 ","  4,450 ","  5,375 ","5,098"
Black or African-American,Near South Side,"  2,474 ","  1,890 ","  7,835 ","  7,942 ","  7,490 ","  6,788 ","  6,305 ","  6,052 ","  6,015 ","  5,585 ","  5,078 ","  5,558 ","  5,382 ","  5,488 ","5,537"
Persons of Spanish Language*,Near South Side,,,,,  131 ,  108 ,  108 ,  377 ,"  1,202 ","  1,260 ","  1,257 ","  1,424 ","  1,393 ","  1,243 ","1,247"
White,Near South Side,"  7,745 ","  5,370 ","  3,449 ","  2,354 ","  1,044 ",  240 ,  354 ,"  2,393 ","  10,281 ","  9,143 ","  10,384 ","  10,087 ","  10,404 ","  10,433 ","11,063"
Percent Black,Near South Side,  24 ,  26 ,  69 ,  77 ,  85 ,  94 ,  92 ,  64 ,  28 ,  28 ,  24 ,  25 ,  24 ,  24 ,  23 
Percent Hispanic,Near South Side,  - ,  - ,  - ,  - ,  1 ,  1 ,  2 ,  4 ,  6 ,  6 ,  6 ,  6 ,  6 ,  5 ,  5 
Percent White,Near South Side,  74 ,  74 ,  30 ,  23 ,  12 ,  3 ,  5 ,  25 ,  48 ,  45 ,  49 ,  46 ,  46 ,  45 ,  47 
Percent Asian,Near South Side,  - ,  - ,  - ,  - ,  2 ,,  1 ,  5 ,  15 ,  18 ,  18 ,  19 ,  20 ,  23 ,  22 
Total,Armour Square,"  21,450 ","  18,472 ","  23,294 ","  15,783 ","  13,058 ","  12,475 ","  10,801 ","  12,032 ","  13,391 ","  13,710 ","  14,120 ","  13,850 ","  14,007 ","  13,635 ","13,396"
Asian,Armour Square,,,,,"  3,144 ",    ,"  5,596 ","  7,305 ","  9,721 ","  9,179 ","  9,833 ","  9,750 ","  10,347 ","  10,278 ","9,811"
Black or African-American,Armour Square,"  4,058 ","  4,062 ","  10,920 ","  4,960 ","  4,131 ","  3,158 ","  2,384 ","  2,046 ","  1,419 ","  1,680 ","  1,670 ","  1,479 ","  1,348 ","  1,248 ","1,218"
Persons of Spanish Language*,Armour Square,,,,,  796 ,  603 ,  471 ,  448 ,  464 ,  644 ,  508 ,  543 ,  426 ,  408 ,526
White,Armour Square,"  15,207 ","  13,518 ","  11,102 ","  9,096 ","  5,609 ","  3,683 ","  2,326 ","  2,062 ","  1,642 ","  1,537 ","  1,600 ","  1,610 ","  1,521 ","  1,572 ","1,703"
Percent Black,Armour Square,  19 ,  22 ,  47 ,  31 ,  32 ,  25 ,  22 ,  17 ,  11 ,  12 ,  12 ,  11 ,  10 ,  9 ,  9 
Percent Hispanic,Armour Square,  - ,  - ,  - ,  - ,  6 ,  5 ,  4 ,  4 ,  3 ,  5 ,  4 ,  4 ,  3 ,  3 ,  4 
Percent White,Armour Square,  71 ,  73 ,  48 ,  58 ,  43 ,  30 ,  22 ,  17 ,  12 ,  11 ,  11 ,  12 ,  11 ,  12 ,  13 
Percent Asian,Armour Square,  - ,  - ,  - ,  - ,  24 ,,  52 ,  61 ,  73 ,  67 ,  70 ,  70 ,  74 ,  75 ,  73 
Total,Douglas,"  50,285 ","  53,124 ","  78,745 ","  52,325 ","  47,734 ","  35,700 ","  30,652 ","  26,470 ","  18,238 ","  19,111 ","  19,074 ","  19,430 ","  20,323 ","  20,559 ","20,781"
Asian,Douglas,,,,,  619 ,    ,  788 ,"  1,390 ","  2,313 ","  2,335 ","  2,452 ","  2,540 ","  2,917 ","  2,639 ","2,655"
Black or African-American,Douglas,"  44,644 ","  49,804 ","  76,421 ","  48,031 ","  41,807 ","  30,769 ","  27,957 ","  22,635 ","  13,247 ","  13,699 ","  13,583 ","  13,815 ","  14,365 ","  14,460 ","14,718"
Persons of Spanish Language*,Douglas,,,,,  588 ,  313 ,  253 ,  295 ,  465 ,  570 ,  508 ,  426 ,  485 ,  649 ,661
White,Douglas,"  5,517 ","  3,286 ","  2,172 ","  3,880 ","  5,006 ","  3,469 ","  1,597 ","  1,745 ","  1,810 ","  2,271 ","  2,279 ","  2,329 ","  2,165 ","  2,356 ","2,297"
Percent Black,Douglas,  89 ,  94 ,  97 ,  92 ,  88 ,  86 ,  91 ,  86 ,  73 ,  72 ,  71 ,  71 ,  71 ,  70 ,  71 
Percent Hispanic,Douglas,  - ,  - ,  - ,  - ,  1 ,  1 ,  1 ,  1 ,  3 ,  3 ,  3 ,  2 ,  2 ,  3 ,  3 
Percent White,Douglas,  11 ,  6 ,  3 ,  7 ,  10 ,  10 ,  5 ,  7 ,  10 ,  12 ,  12 ,  12 ,  11 ,  11 ,  11 
Percent Asian,Douglas,  - ,  - ,  - ,  - ,  1 ,,  3 ,  5 ,  13 ,  12 ,  13 ,  13 ,  14 ,  13 ,  13 
Total,Oakland,"  14,962 ","  14,500 ","  24,464 ","  24,378 ","  18,291 ","  16,748 ","  8,197 ","  6,110 ","  5,918 ","  6,260 ","  6,247 ","  6,473 ","  6,422 ","  6,474 ","6,645"
Asian,Oakland,,,,,  41 ,    ,  7 ,  8 ,  35 ,  57 ,  149 ,  140 ,  109 ,  124 ,140
Black or African-American,Oakland,"  4,317 ","  3,209 ","  18,926 ","  23,955 ","  18,090 ","  16,557 ","  8,117 ","  5,957 ","  5,567 ","  5,769 ","  5,779 ","  6,052 ","  5,946 ","  5,949 ","5,959"
Persons of Spanish Language*,Oakland,,,,,  125 ,  97 ,  34 ,  58 ,  87 ,  229 ,  200 ,  122 ,  209 ,  240 ,324
White,Oakland,"  10,452 ","  11,153 ","  4,332 ",  311 ,  120 ,  54 ,  37 ,  40 ,  122 ,  180 ,  105 ,  147 ,  142 ,  125 ,172
Percent Black,Oakland,  29 ,  22 ,  77 ,  98 ,  99 ,  99 ,  99 ,  97 ,  94 ,  92 ,  93 ,  93 ,  93 ,  92 ,  90 
Percent Hispanic,Oakland,  - ,  - ,  - ,  - ,  1 ,  1 ,  0 ,  1 ,  1 ,  4 ,  3 ,  2 ,  3 ,  4 ,  5 
Percent White,Oakland,  70 ,  77 ,  18 ,  1 ,  1 ,  0 ,  0 ,  1 ,  2 ,  3 ,  2 ,  2 ,  2 ,  2 ,  3 
Percent Asian,Oakland,  - ,  - ,  - ,  - ,  0 ,,  0 ,  0 ,  1 ,  1 ,  2 ,  2 ,  2 ,  2 ,  2 
Total,Fuller Park ,"  14,437 ","  15,094 ","  17,174 ","  12,181 ","  7,372 ","  5,832 ","  4,364 ","  3,420 ","  2,876 ","  2,924 ","  2,798 ","  2,543 ","  2,457 ","  2,377 ","2,354"
Asian,Fuller Park ,,,,,  48 ,    ,  2 ,  6 ,  7 ,  11 , - ,  -   ,  -   ,  -   ,0
Black or African-American,Fuller Park ,"  1,093 ","  1,438 ","  8,545 ","  11,692 ","  7,146 ","  5,707 ","  4,292 ","  3,225 ","  2,651 ","  2,678 ","  2,534 ","  2,289 ","  2,268 ","  2,170 ","2,170"
Persons of Spanish Language*,Fuller Park ,,,,,  58 ,  71 ,  41 ,  116 ,  132 ,  158 ,  205 ,  191 ,  152 ,  124 ,150
White,Fuller Park ,"  12,857 ","  13,630 ","  8,617 ",  476 ,  155 ,  37 ,  20 ,  18 ,  47 ,  66 ,  48 ,  52 ,  37 ,  83 ,34
Percent Black,Fuller Park ,  8 ,  10 ,  50 ,  96 ,  97 ,  98 ,  98 ,  94 ,  92 ,  92 ,  91 ,  90 ,  92 ,  91 ,  92 
Percent Hispanic,Fuller Park ,  - ,  - ,  - ,  - ,  1 ,  1 ,  1 ,  3 ,  5 ,  5 ,  7 ,  8 ,  6 ,  5 ,  6 
Percent White,Fuller Park ,  89 ,  90 ,  50 ,  4 ,  2 ,  1 ,  0 ,  1 ,  2 ,  2 ,  2 ,  2 ,  2 ,  3 ,  1 
Percent Asian,Fuller Park ,  - ,  - ,  - ,  - ,  1 ,,  0 ,  0 ,  0 ,  0 ,,  - ,  - ,  - ,  - 
Total,Grand Boulevard,"  87,005 ","  103,256 ","  114,557 ","  80,036 ","  80,150 ","  53,741 ","  35,897 ","  28,006 ","  21,929 ","  23,151 ","  22,616 ","  22,531 ","  22,750 ","  22,634 ","22,905"
Asian,Grand Boulevard,,,,,  27 ,    ,  29 ,  21 ,  57 ,  60 ,  100 ,  102 ,  117 ,  89 ,88
Black or African-American,Grand Boulevard,"  82,329 ","  101,339 ","  113,374 ","  79,537 ","  79,607 ","  53,096 ","  35,574 ","  27,370 ","  20,645 ","  21,091 ","  20,467 ","  20,748 ","  20,624 ","  21,054 ","21,138"
Persons of Spanish Language*,Grand Boulevard,,,,,  451 ,  350 ,  146 ,  236 ,  395 ,  698 ,  631 ,  474 ,  574 ,  373 ,387
White,Grand Boulevard,"  4,550 ","  1,864 ","  1,075 ",  398 ,  391 ,  170 ,  96 ,  173 ,  391 ,  944 ,  957 ,  702 ,  719 ,  570 ,603
Percent Black,Grand Boulevard,  95 ,  98 ,  99 ,  99 ,  99 ,  99 ,  99 ,  98 ,  94 ,  91 ,  90 ,  92 ,  91 ,  93 ,  92 
Percent Hispanic,Grand Boulevard,  - ,  - ,  - ,  - ,  1 ,  1 ,  0 ,  1 ,  2 ,  3 ,  3 ,  2 ,  3 ,  2 ,  2 
Percent White,Grand Boulevard,  5 ,  2 ,  1 ,  0 ,  0 ,  0 ,  0 ,  1 ,  2 ,  4 ,  4 ,  3 ,  3 ,  3 ,  3 
Percent Asian,Grand Boulevard,  - ,  - ,  - ,  - ,  0 ,,  0 ,  0 ,  0 ,  0 ,  0 ,  0 ,  1 ,  0 ,  0 
Total,Kenwood,"  26,942 ","  29,611 ","  35,705 ","  41,533 ","  26,908 ","  21,974 ","  18,178 ","  18,363 ","  17,841 ","  18,180 ","  18,021 ","  18,217 ","  17,601 ","  17,074 ","17,189"
Asian,Kenwood,,,,,  175 ,    ,  453 ,  785 ,  973 ,"  1,065 ","  1,155 ","  1,492 ","  1,520 ","  1,440 ","1,582"
Black or African-American,Kenwood,  185 ,  278 ,"  3,453 ","  34,838 ","  21,228 ","  16,908 ","  13,855 ","  13,900 ","  12,821 ","  12,840 ","  12,552 ","  12,362 ","  11,916 ","  11,690 ","11,724"
Persons of Spanish Language*,Kenwood,,,,,  275 ,  241 ,  241 ,  301 ,  542 ,  749 ,  745 ,  701 ,  667 ,  503 ,397
White,Kenwood,"  26,713 ","  29,295 ","  30,236 ","  6,282 ","  5,398 ","  4,285 ","  3,564 ","  2,915 ","  2,942 ","  3,159 ","  3,204 ","  3,236 ","  2,978 ","  2,925 ","2,913"
Percent Black,Kenwood,  1 ,  1 ,  10 ,  84 ,  79 ,  77 ,  76 ,  76 ,  72 ,  71 ,  70 ,  68 ,  68 ,  68 ,  68 
Percent Hispanic,Kenwood,  - ,  - ,  - ,  - ,  1 ,  1 ,  1 ,  2 ,  3 ,  4 ,  4 ,  4 ,  4 ,  3 ,  2 
Percent White,Kenwood,  99 ,  99 ,  85 ,  15 ,  20 ,  20 ,  20 ,  16 ,  16 ,  17 ,  18 ,  18 ,  17 ,  17 ,  17 
Percent Asian,Kenwood,  - ,  - ,  - ,  - ,  1 ,,  2 ,  4 ,  5 ,  6 ,  6 ,  8 ,  9 ,  8 ,  9 
Total,Washington Park ,"  44,016 ","  52,736 ","  56,856 ","  43,690 ","  46,024 ","  31,935 ","  19,425 ","  14,146 ","  11,717 ","  11,146 ","  11,530 ","  11,647 ","  12,081 ","  11,868 ","11,502"
Asian,Washington Park ,,,,,  30 ,    ,  13 ,  5 ,  12 ,  9 , - ,  11 ,  9 ,  14 ,14
Black or African-American,Washington Park ,"  40,460 ","  51,281 ","  56,178 ","  43,310 ","  45,649 ","  31,550 ","  19,268 ","  13,798 ","  11,370 ","  10,882 ","  11,202 ","  11,070 ","  11,595 ","  11,199 ","10,760"
Persons of Spanish Language*,Washington Park ,,,,,  197 ,  205 ,  48 ,  134 ,  104 ,  132 ,  170 ,  246 ,  158 ,  216 ,278
White,Washington Park ,"  3,448 ","  1,430 ",  620 ,  332 ,  234 ,  83 ,  69 ,  74 ,  87 ,  20 ,  13 ,  33 ,  48 ,  48 ,85
Percent Black,Washington Park ,  92 ,  97 ,  99 ,  99 ,  99 ,  99 ,  99 ,  98 ,  97 ,  98 ,  97 ,  95 ,  96 ,  94 ,  94 
Percent Hispanic,Washington Park ,  - ,  - ,  - ,  - ,  0 ,  1 ,  0 ,  1 ,  1 ,  1 ,  1 ,  2 ,  1 ,  2 ,  2 
Percent White,Washington Park ,  8 ,  3 ,  1 ,  1 ,  1 ,  0 ,  0 ,  1 ,  1 ,  0 ,  0 ,  0 ,  0 ,  0 ,  1 
Percent Asian,Washington Park ,  - ,  - ,  - ,  - ,  0 ,,  0 ,  0 ,  0 ,  0 ,,  0 ,  0 ,  0 ,  0 
Total,Hyde Park,"  48,017 ","  50,550 ","  55,206 ","  45,577 ","  33,559 ","  31,198 ","  28,630 ","  29,920 ","  25,681 ","  26,541 ","  26,831 ","  26,705 ","  26,893 ","  26,573 ","26,827"
Asian,Hyde Park,,,,,"  1,097 ",    ,"  2,433 ","  3,366 ","  3,185 ","  2,847 ","  3,204 ","  3,242 ","  3,244 ","  3,249 ","3,559"
Black or African-American,Hyde Park,  521 ,  573 ,"  1,757 ","  17,163 ","  10,427 ","  11,488 ","  10,714 ","  11,290 ","  7,815 ","  8,851 ","  8,888 ","  8,519 ","  8,047 ","  7,621 ","7,366"
Persons of Spanish Language*,Hyde Park,,,,,  882 ,  721 ,  895 ,"  1,230 ","  1,626 ","  1,578 ","  1,324 ","  1,681 ","  1,891 ","  2,101 ","2,246"
White,Hyde Park,"  47,198 ","  49,750 ","  52,375 ","  27,214 ","  21,516 ","  16,952 ","  14,440 ","  13,020 ","  11,992 ","  12,446 ","  12,561 ","  12,298 ","  12,584 ","  12,539 ","12,453"
Percent Black,Hyde Park,  1 ,  1 ,  3 ,  38 ,  31 ,  37 ,  37 ,  38 ,  30 ,  33 ,  33 ,  32 ,  30 ,  29 ,  27 
Percent Hispanic,Hyde Park,  - ,  - ,  - ,  - ,  3 ,  2 ,  3 ,  4 ,  6 ,  6 ,  5 ,  6 ,  7 ,  8 ,  8 
Percent White,Hyde Park,  98 ,  98 ,  95 ,  60 ,  64 ,  54 ,  50 ,  44 ,  47 ,  47 ,  47 ,  46 ,  47 ,  47 ,  46 
Percent Asian,Hyde Park,  - ,  - ,  - ,  - ,  3 ,,  8 ,  11 ,  12 ,  11 ,  12 ,  12 ,  12 ,  12 ,  13 
Total,Woodlawn,"  66,052 ","  71,685 ","  80,699 ","  81,279 ","  53,814 ","  36,323 ","  27,473 ","  27,086 ","  23,740 ","  24,445 ","  24,357 ","  25,451 ","  26,446 ","  26,024 ","25,207"
Asian,Woodlawn,,,,,  133 ,    ,  164 ,  207 ,  544 ,  544 ,  741 ,  710 ,  814 ,  797 ,847
Black or African-American,Woodlawn,"  8,578 ","  12,107 ","  31,329 ","  72,397 ","  51,572 ","  34,560 ","  26,234 ","  25,518 ","  20,605 ","  21,283 ","  20,784 ","  21,693 ","  22,555 ","  21,891 ","20,867"
Persons of Spanish Language*,Woodlawn,,,,,  710 ,  285 ,  178 ,  288 ,  504 ,  543 ,  505 ,  617 ,  695 ,  775 ,780
White,Woodlawn,"  57,182 ","  59,438 ","  48,368 ","  8,450 ","  1,929 ","  1,232 ",  847 ,  761 ,"  1,623 ","  1,675 ","  1,900 ","  1,982 ","  1,885 ","  2,062 ","2,153"
Percent Black,Woodlawn,  13 ,  17 ,  39 ,  89 ,  96 ,  95 ,  95 ,  94 ,  87 ,  87 ,  85 ,  85 ,  85 ,  84 ,  83 
Percent Hispanic,Woodlawn,  - ,  - ,  - ,  - ,  1 ,  1 ,  1 ,  1 ,  2 ,  2 ,  2 ,  2 ,  3 ,  3 ,  3 
Percent White,Woodlawn,  87 ,  83 ,  60 ,  10 ,  4 ,  3 ,  3 ,  3 ,  7 ,  7 ,  8 ,  8 ,  7 ,  8 ,  9 
Percent Asian,Woodlawn,  - ,  - ,  - ,  - ,  0 ,,  1 ,  1 ,  2 ,  2 ,  3 ,  3 ,  3 ,  3 ,  3 
Total,South Shore,"  78,755 ","  79,593 ","  79,336 ","  73,086 ","  80,660 ","  77,743 ","  61,517 ","  61,556 ","  52,010 ","  47,526 ","  49,380 ","  48,816 ","  49,155 ","  48,552 ","48,479"
Asian,South Shore,,,,,  423 ,    ,  94 ,  85 ,  124 ,  85 ,  68 ,  85 ,  115 ,  124 ,134
Black or African-American,South Shore,  171 ,  249 ,  182 ,"  7,018 ","  55,649 ","  73,312 ","  59,662 ","  59,405 ","  49,338 ","  44,885 ","  46,691 ","  45,844 ","  45,990 ","  45,464 ","45,727"
Persons of Spanish Language*,South Shore,,,,,"  1,173 ",  917 ,  497 ,  636 ,  893 ,  685 ,  735 ,"  1,000 ",  784 ,  845 ,575
White,South Shore,"  78,538 ","  79,317 ","  79,115 ","  65,507 ","  24,112 ","  2,730 ","  1,141 ",  703 ,  724 ,  717 ,  718 ,  897 ,"  1,084 ","  1,326 ","1,357"
Percent Black,South Shore,  0 ,  0 ,  0 ,  10 ,  69 ,  94 ,  97 ,  97 ,  95 ,  94 ,  95 ,  94 ,  94 ,  94 ,  94 
Percent Hispanic,South Shore,  - ,  - ,  - ,  - ,  1 ,  1 ,  1 ,  1 ,  2 ,  1 ,  1 ,  2 ,  2 ,  2 ,  1 
Percent White,South Shore,  100 ,  100 ,  100 ,  90 ,  30 ,  4 ,  2 ,  1 ,  1 ,  2 ,  1 ,  2 ,  2 ,  3 ,  3 
Percent Asian,South Shore,  - ,  - ,  - ,  - ,  1 ,,  0 ,  0 ,  0 ,  0 ,  0 ,  0 ,  0 ,  0 ,  0 
Total,Chatham,"  36,228 ","  37,788 ","  40,845 ","  41,962 ","  47,287 ","  40,725 ","  36,779 ","  37,275 ","  31,028 ","  33,244 ","  31,898 ","  31,493 ","  31,359 ","  30,946 ","31,071"
Asian,Chatham,,,,,  59 ,    ,  41 ,  24 ,  27 ,  23 ,  28 ,  90 ,  129 ,  93 ,111
Black or African-American,Chatham,  10 ,  20 ,  345 ,"  26,756 ","  46,128 ","  39,910 ","  36,295 ","  36,538 ","  30,160 ","  32,416 ","  31,220 ","  30,636 ","  30,297 ","  29,792 ","29,780"
Persons of Spanish Language*,Chatham,,,,,  519 ,  271 ,  198 ,  220 ,  311 ,  158 ,  126 ,  230 ,  287 ,  311 ,385
White,Chatham,"  36,137 ","  37,757 ","  40,468 ","  15,090 ",  931 ,  336 ,  208 ,  121 ,  112 ,  178 ,  168 ,  202 ,  388 ,  459 ,509
Percent Black,Chatham,  0 ,  0 ,  1 ,  64 ,  98 ,  98 ,  99 ,  98 ,  97 ,  98 ,  98 ,  97 ,  97 ,  96 ,  96 
Percent Hispanic,Chatham,  - ,  - ,  - ,  - ,  1 ,  1 ,  1 ,  1 ,  1 ,  0 ,  0 ,  1 ,  1 ,  1 ,  1 
Percent White,Chatham,  100 ,  100 ,  99 ,  36 ,  2 ,  1 ,  1 ,  0 ,  0 ,  1 ,  1 ,  1 ,  1 ,  1 ,  2 
Percent Asian,Chatham,  - ,  - ,  - ,  - ,  0 ,,  0 ,  0 ,  0 ,  0 ,  0 ,  0 ,  0 ,  0 ,  0 
Total,Avalon Park,"  10,023 ","  10,464 ","  11,358 ","  12,710 ","  14,412 ","  13,792 ","  11,711 ","  11,147 ","  10,185 ","  9,617 ","  9,951 ","  10,098 ","  9,813 ","  9,840 ","10,034"
Asian,Avalon Park,,,,,  64 ,    ,  30 ,  19 ,  19 ,  34 ,  43 ,  30 ,  59 ,  19 ,38
Black or African-American,Avalon Park,  4 ,  4 ,  8 ,  6 ,"  11,912 ","  13,185 ","  11,429 ","  10,816 ","  9,751 ","  9,296 ","  9,620 ","  9,721 ","  9,553 ","  9,617 ","9,754"
Persons of Spanish Language*,Avalon Park,,,,,  283 ,  109 ,  81 ,  85 ,  153 ,  29 ,  35 ,  59 ,  62 ,  68 ,66
White,Avalon Park,"  10,019 ","  10,458 ","  11,345 ","  12,660 ","  2,356 ",  369 ,  148 ,  96 ,  81 ,  168 ,  193 ,  220 ,  53 ,  37 ,61
Percent Black,Avalon Park,  0 ,  0 ,  0 ,  0 ,  83 ,  96 ,  98 ,  97 ,  96 ,  97 ,  97 ,  96 ,  97 ,  98 ,  97 
Percent Hispanic,Avalon Park,  - ,  - ,  - ,  - ,  2 ,  1 ,  1 ,  1 ,  2 ,  0 ,  0 ,  1 ,  1 ,  1 ,  1 
Percent White,Avalon Park,  100 ,  100 ,  100 ,  100 ,  16 ,  3 ,  1 ,  1 ,  1 ,  2 ,  2 ,  2 ,  1 ,  0 ,  1 
Percent Asian,Avalon Park,  - ,  - ,  - ,  - ,  0 ,,  0 ,  0 ,  0 ,  0 ,  0 ,  0 ,  1 ,  0 ,  0 
Total,South Chicago,"  56,683 ","  55,090 ","  55,715 ","  49,913 ","  45,655 ","  46,422 ","  40,776 ","  38,596 ","  31,198 ","  29,458 ","  29,052 ","  28,550 ","  28,095 ","  27,601 ","28,263"
Asian,South Chicago,,,,,  129 ,    ,  42 ,  49 ,  67 ,  86 ,  133 ,  106 ,  116 ,  16 ,15
Black or African-American,South Chicago,  738 ,  907 ,"  2,619 ","  2,448 ","  10,233 ","  21,773 ","  24,672 ","  26,253 ","  23,296 ","  21,206 ","  21,308 ","  20,802 ","  20,818 ","  20,826 ","21,317"
Persons of Spanish Language*,South Chicago,,,,,"  11,906 ","  18,229 ","  13,644 ","  10,565 ","  6,774 ","  6,962 ","  6,570 ","  6,494 ","  6,083 ","  5,810 ","5,885"
White,South Chicago,"  51,659 ","  54,157 ","  53,064 ","  47,338 ","  34,743 ","  5,967 ","  2,290 ","  1,135 ",  599 ,  927 ,  837 ,  875 ,  782 ,  672 ,791
Percent Black,South Chicago,  1 ,  2 ,  5 ,  5 ,  22 ,  47 ,  61 ,  68 ,  75 ,  72 ,  73 ,  73 ,  74 ,  75 ,  75 
Percent Hispanic,South Chicago,  - ,  - ,  - ,  - ,  26 ,  39 ,  33 ,  27 ,  22 ,  24 ,  23 ,  23 ,  22 ,  21 ,  21 
Percent White,South Chicago,  91 ,  98 ,  95 ,  95 ,  76 ,  13 ,  6 ,  3 ,  2 ,  3 ,  3 ,  3 ,  3 ,  2 ,  3 
Percent Asian,South Chicago,  - ,  - ,  - ,  - ,  0 ,,  0 ,  0 ,  0 ,  0 ,  0 ,  0 ,  0 ,  0 ,  0 
Total,Burnside,"  3,483 ","  3,567 ","  3,551 ","  3,463 ","  3,181 ","  3,942 ","  3,314 ","  3,294 ","  2,916 ","  3,508 ","  2,837 ","  2,618 ","  2,601 ","  2,442 ","2,254"
Asian,Burnside,,,,,  20 ,    ,  2 ,  7 ,  - ,  - , - ,  -   ,  -   ,  -   ,0
Black or African-American,Burnside, - ,  4 ,  7 ,  - ,  91 ,"  3,470 ","  3,191 ","  3,180 ","  2,849 ","  3,488 ","  2,819 ","  2,618 ","  2,601 ","  2,419 ","2,197"
Persons of Spanish Language*,Burnside,,,,,  251 ,  100 ,  16 ,  34 ,  20 ,  - , - ,  -   ,  -   ,  -   ,33
White,Burnside,"  3,478 ","  3,558 ","  3,544 ","  3,454 ","  3,046 ",  327 ,  105 ,  40 ,  19 ,  20 ,  18 ,  -   ,  -   ,  11 ,10
Percent Black,Burnside,,  0 ,  0 ,  - ,  3 ,  88 ,  96 ,  97 ,  98 ,  99 ,  99 ,  100 ,  100 ,  99 ,  97 
Percent Hispanic,Burnside,  - ,  - ,  - ,  - ,  8 ,  3 ,  0 ,  1 ,  1 ,  - ,,  - ,  - ,  - ,  1 
Percent White,Burnside,  100 ,  100 ,  100 ,  100 ,  96 ,  8 ,  3 ,  1 ,  1 ,  1 ,  1 ,  - ,  - ,  0 ,  0 
Percent Asian,Burnside,  - ,  - ,  - ,  - ,  1 ,,  0 ,  0 ,  - ,  - ,,  - ,  - ,  - ,  - 
Total,Calumet Heights,"  7,343 ","  7,417 ","  9,349 ","  19,352 ","  20,123 ","  20,505 ","  17,453 ","  15,974 ","  13,812 ","  14,382 ","  13,854 ","  13,400 ","  13,732 ","  13,306 ","13,188"
Asian,Calumet Heights,,,,,  189 ,    ,  89 ,  33 ,  26 ,  14 ,  13 ,  19 ,  5 ,  12 ,13
Black or African-American,Calumet Heights,  19 ,  4 ,  9 ,  8 ,"  9,038 ","  17,667 ","  15,983 ","  14,817 ","  12,897 ","  13,487 ","  12,829 ","  12,462 ","  12,835 ","  12,566 ","12,426"
Persons of Spanish Language*,Calumet Heights,,,,,"  1,631 ","  1,481 ",  920 ,  747 ,  569 ,  601 ,  689 ,  519 ,  443 ,  465 ,457
White,Calumet Heights,"  7,167 ","  7,412 ","  9,337 ","  19,313 ","  10,774 ","  1,063 ",  430 ,  206 ,  126 ,  195 ,  217 ,  269 ,  308 ,  161 ,219
Percent Black,Calumet Heights,  0 ,  0 ,  0 ,  0 ,  45 ,  86 ,  92 ,  93 ,  93 ,  94 ,  93 ,  93 ,  93 ,  94 ,  94 
Percent Hispanic,Calumet Heights,  - ,  - ,  - ,  - ,  8 ,  7 ,  5 ,  5 ,  4 ,  4 ,  5 ,  4 ,  3 ,  3 ,  3 
Percent White,Calumet Heights,  98 ,  100 ,  100 ,  100 ,  54 ,  5 ,  2 ,  1 ,  1 ,  1 ,  2 ,  2 ,  2 ,  1 ,  2 
Percent Asian,Calumet Heights,  - ,  - ,  - ,  - ,  1 ,,  1 ,  0 ,  0 ,  0 ,  0 ,  0 ,  0 ,  0 ,  0 
Total,Roseland,"  43,206 ","  44,009 ","  56,705 ","  58,750 ","  62,512 ","  64,372 ","  56,493 ","  52,723 ","  44,619 ","  45,285 ","  44,495 ","  44,267 ","  42,505 ","  42,327 ","42,433"
Asian,Roseland,,,,,  83 ,    ,  56 ,  31 ,  27 ,  217 ,  151 ,  150 ,  185 ,  169 ,126
Black or African-American,Roseland,"  1,256 ","  1,828 ","  10,430 ","  13,255 ","  34,454 ","  62,424 ","  55,661 ","  51,568 ","  43,447 ","  43,581 ","  42,853 ","  42,822 ","  40,846 ","  40,798 ","40,849"
Persons of Spanish Language*,Roseland,,,,,"  1,215 ",  550 ,  283 ,  363 ,  458 ,  357 ,  488 ,  489 ,  450 ,  396 ,548
White,Roseland,"  41,917 ","  42,177 ","  46,250 ","  45,392 ","  27,758 ","  1,104 ",  430 ,  276 ,  188 ,  503 ,  505 ,  471 ,  557 ,  417 ,456
Percent Black,Roseland,  3 ,  4 ,  18 ,  23 ,  55 ,  97 ,  99 ,  98 ,  97 ,  96 ,  96 ,  97 ,  96 ,  96 ,  96 
Percent Hispanic,Roseland,  - ,  - ,  - ,  - ,  2 ,  1 ,  1 ,  1 ,  1 ,  1 ,  1 ,  1 ,  1 ,  1 ,  1 
Percent White,Roseland,  97 ,  96 ,  82 ,  77 ,  44 ,  2 ,  1 ,  1 ,  0 ,  1 ,  1 ,  1 ,  1 ,  1 ,  1 
Percent Asian,Roseland,  - ,  - ,  - ,  - ,  0 ,,  0 ,  0 ,  0 ,  0 ,  0 ,  0 ,  0 ,  0 ,  0 
Total,Pullman ,"  6,705 ","  6,523 ","  8,899 ","  8,412 ","  10,893 ","  10,341 ","  9,344 ","  8,921 ","  7,325 ","  7,262 ","  6,934 ","  6,970 ","  6,501 ","  6,620 ","6,613"
Asian,Pullman ,,,,,  18 ,    ,  17 ,  15 ,  5 ,  39 ,  30 ,  42 ,  34 ,  43 ,10
Black or African-American,Pullman , - ,  2 ,  4 ,  - ,"  5,244 ","  7,872 ","  7,316 ","  7,262 ","  6,122 ","  6,131 ","  5,626 ","  5,735 ","  5,380 ","  5,474 ","5,495"
Persons of Spanish Language*,Pullman ,,,,,  293 ,  642 ,  780 ,  795 ,  571 ,  549 ,  675 ,  570 ,  551 ,  335 ,307
White,Pullman ,"  6,634 ","  6,521 ","  8,893 ","  8,400 ","  5,573 ","  1,738 ","  1,206 ",  757 ,  522 ,  522 ,  582 ,  605 ,  464 ,  633 ,680
Percent Black,Pullman ,,  0 ,  0 ,  - ,  48 ,  76 ,  78 ,  81 ,  84 ,  84 ,  81 ,  82 ,  83 ,  83 ,  83 
Percent Hispanic,Pullman ,  - ,  - ,  - ,  - ,  3 ,  6 ,  8 ,  9 ,  8 ,  8 ,  10 ,  8 ,  8 ,  5 ,  5 
Percent White,Pullman ,  99 ,  100 ,  100 ,  100 ,  51 ,  17 ,  13 ,  8 ,  7 ,  7 ,  8 ,  9 ,  7 ,  10 ,  10 
Percent Asian,Pullman ,  - ,  - ,  - ,  - ,  0 ,,  0 ,  0 ,  0 ,  1 ,  0 ,  1 ,  1 ,  1 ,  0 
Total,South Deering,"  7,898 ","  9,662 ","  17,476 ","  18,794 ","  19,271 ","  19,400 ","  17,755 ","  16,990 ","  15,109 ","  16,445 ","  15,743 ","  15,570 ","  15,305 ","  14,635 ","14,614"
Asian,South Deering,,,,,  79 ,    ,  20 ,  8 ,  18 ,  49 ,  41 ,  36 ,  8 ,  1 ,1
Black or African-American,South Deering, - , - ,  15 ,  125 ,"  3,067 ","  10,509 ","  10,417 ","  10,335 ","  9,354 ","  10,022 ","  10,056 ","  9,722 ","  9,971 ","  9,575 ","9,360"
Persons of Spanish Language*,South Deering,,,,,"  3,220 ","  4,763 ","  5,038 ","  5,176 ","  4,809 ","  5,198 ","  4,813 ","  4,931 ","  4,580 ","  4,139 ","4,591"
White,South Deering,"  6,901 ","  9,662 ","  17,454 ","  18,637 ","  15,888 ","  3,922 ","  2,230 ","  1,287 ",  725 ,  891 ,  678 ,  709 ,  592 ,  781 ,600
Percent Black,South Deering,,,  0 ,  1 ,  16 ,  54 ,  59 ,  61 ,  62 ,  61 ,  64 ,  62 ,  65 ,  65 ,  64 
Percent Hispanic,South Deering,  - ,  - ,  - ,  - ,  17 ,  25 ,  28 ,  30 ,  32 ,  32 ,  31 ,  32 ,  30 ,  28 ,  31 
Percent White,South Deering,  87 ,  100 ,  100 ,  99 ,  82 ,  20 ,  13 ,  8 ,  5 ,  5 ,  4 ,  5 ,  4 ,  5 ,  4 
Percent Asian,South Deering,  - ,  - ,  - ,  - ,  0 ,,  0 ,  0 ,  0 ,  0 ,  0 ,  0 ,  0 ,  0 ,  0 
East Side,South Deering,,,,,,,,,,,,,,,
Total,East Side,"  16,839 ","  16,513 ","  21,619 ","  23,214 ","  24,649 ","  21,331 ","  20,450 ","  23,653 ","  23,042 ","  23,517 ","  23,526 ","  23,739 ","  23,817 ","  23,013 ","23,771"
Asian,East Side,,,,,  12 ,    ,  35 ,  57 ,  53 ,  101 ,  116 ,  34 ,  28 ,  66 ,65
Black or African-American,East Side, - , - ,  14 ,  4 ,  23 ,  25 ,  10 ,  242 ,  777 ,  636 ,  581 ,  398 ,  684 ,  562 ,695
Persons of Spanish Language*,East Side,,,,,  807 ,"  2,678 ","  8,177 ","  16,113 ","  18,076 ","  18,602 ","  18,577 ","  19,148 ","  18,992 ","  18,409 ","19,117"
White,East Side,"  16,795 ","  16,512 ","  21,602 ","  23,191 ","  24,562 ","  18,446 ","  12,179 ","  6,951 ","  3,969 ","  4,091 ","  4,158 ","  4,086 ","  4,049 ","  3,938 ","3,850"
Percent Black,East Side,,,  0 ,  0 ,  0 ,  0 ,  0 ,  1 ,  3 ,  3 ,  2 ,  2 ,  3 ,  2 ,  3 
Percent Hispanic,East Side,  - ,  - ,  - ,  - ,  3 ,  13 ,  40 ,  68 ,  78 ,  79 ,  79 ,  81 ,  80 ,  80 ,  80 
Percent White,East Side,  100 ,  100 ,  100 ,  100 ,  100 ,  86 ,  60 ,  29 ,  17 ,  17 ,  18 ,  17 ,  17 ,  17 ,  16 
Percent Asian,East Side,  - ,  - ,  - ,  - ,  0 ,,  0 ,  0 ,  0 ,  0 ,  0 ,  0 ,  0 ,  0 ,  0 
Total,West Pullman,"  28,474 ","  27,834 ","  29,265 ","  35,397 ","  40,318 ","  44,904 ","  39,846 ","  36,649 ","  29,651 ","  30,810 ","  29,796 ","  28,160 ","  27,973 ","  27,572 ","27,733"
Asian,West Pullman,,,,,  44 ,    ,  38 ,  16 ,  14 ,  - ,  52 ,  51 ,  67 ,  70 ,65
Black or African-American,West Pullman,  170 ,  103 ,  82 ,  62 ,"  6,670 ","  40,441 ","  37,285 ","  34,277 ","  27,593 ","  28,797 ","  27,991 ","  26,297 ","  26,123 ","  25,520 ","25,625"
Persons of Spanish Language*,West Pullman,,,,,"  1,476 ","  2,309 ","  1,771 ","  1,699 ","  1,509 ","  1,388 ","  1,224 ","  1,275 ","  1,351 ","  1,488 ","1,682"
White,West Pullman,"  28,014 ","  27,719 ","  29,171 ","  35,328 ","  33,510 ","  1,981 ",  703 ,  328 ,  166 ,  390 ,  314 ,  279 ,  280 ,  281 ,158
Percent Black,West Pullman,  1 ,  0 ,  0 ,  0 ,  17 ,  90 ,  94 ,  94 ,  93 ,  93 ,  94 ,  93 ,  93 ,  93 ,  92 
Percent Hispanic,West Pullman,  - ,  - ,  - ,  - ,  4 ,  5 ,  4 ,  5 ,  5 ,  5 ,  4 ,  5 ,  5 ,  5 ,  6 
Percent White,West Pullman,  98 ,  100 ,  100 ,  100 ,  83 ,  4 ,  2 ,  1 ,  1 ,  1 ,  1 ,  1 ,  1 ,  1 ,  1 
Percent Asian,West Pullman,  - ,  - ,  - ,  - ,  0 ,,  0 ,  0 ,  0 ,  - ,  0 ,  0 ,  0 ,  0 ,  0 
Riverdale,West Pullman,,,,,,,,,,,,,,,
Total,Riverdale,"  1,486 ","  1,509 ","  9,790 ","  11,448 ","  15,018 ","  13,539 ","  10,821 ","  9,809 ","  6,482 ","  6,820 ","  7,006 ","  7,190 ","  7,090 ","  7,382 ","7,394"
Asian,Riverdale,,,,,  4 ,    ,  2 ,  7 ,  2 ,  - , - ,  -   ,  26 ,  26 ,23
Black or African-American,Riverdale, - ,  6 ,"  8,242 ","  10,306 ","  14,232 ","  12,984 ","  10,527 ","  9,479 ","  6,251 ","  6,678 ","  6,670 ","  6,910 ","  6,676 ","  6,926 ","6,882"
Persons of Spanish Language*,Riverdale,,,,,  157 ,  176 ,  150 ,  160 ,  132 ,  136 ,  308 ,  180 ,  278 ,  265 ,306
White,Riverdale,"  1,486 ","  1,503 ","  1,543 ","  1,127 ",  754 ,  336 ,  120 ,  66 ,  32 ,  - , - ,  74 ,  77 ,  135 ,151
Percent Black,Riverdale,,  0 ,  84 ,  90 ,  95 ,  96 ,  97 ,  97 ,  96 ,  98 ,  95 ,  96 ,  94 ,  94 ,  93 
Percent Hispanic,Riverdale,  - ,  - ,  - ,  - ,  1 ,  1 ,  1 ,  2 ,  2 ,  2 ,  4 ,  3 ,  4 ,  4 ,  4 
Percent White,Riverdale,  100 ,  100 ,  16 ,  10 ,  5 ,  2 ,  1 ,  1 ,  0 ,  - ,,  1 ,  1 ,  2 ,  2 
Percent Asian,Riverdale,  - ,  - ,  - ,  - ,  0 ,,  0 ,  0 ,  0 ,  - ,,  - ,  0 ,  0 ,  0 
Total,Hegewisch,"  7,890 ","  7,509 ","  7,142 ","  8,936 ","  11,346 ","  11,572 ","  10,136 ","  9,781 ","  9,426 ","  10,168 ","  9,822 ","  9,338 ","  8,952 ","  9,151 ","9,384"
Asian,Hegewisch,,,,,  7 ,    ,  49 ,  32 ,  48 ,  17 ,  20 ,  16 ,  -   ,  -   ,0
Black or African-American,Hegewisch, - , - ,  2 ,  32 ,  22 ,  29 ,  66 ,  130 ,  364 ,  933 ,  686 ,  408 ,  566 ,  447 ,341
Persons of Spanish Language*,Hegewisch,,,,,  392 ,  718 ,"  1,290 ","  2,820 ","  4,671 ","  5,169 ","  5,059 ","  4,887 ","  4,243 ","  4,582 ","5,380"
White,Hegewisch,"  7,798 ","  7,509 ","  7,140 ","  8,900 ","  11,297 ","  10,708 ","  8,719 ","  6,553 ","  4,235 ","  3,977 ","  3,990 ","  3,971 ","  4,078 ","  4,105 ","3,645"
Percent Black,Hegewisch,,,  0 ,  0 ,  0 ,  0 ,  1 ,  1 ,  4 ,  9 ,  7 ,  4 ,  6 ,  5 ,  4 
Percent Hispanic,Hegewisch,  - ,  - ,  - ,  - ,  3 ,  6 ,  13 ,  29 ,  50 ,  51 ,  52 ,  52 ,  47 ,  50 ,  57 
Percent White,Hegewisch,  99 ,  100 ,  100 ,  100 ,  100 ,  93 ,  86 ,  67 ,  45 ,  39 ,  41 ,  43 ,  46 ,  45 ,  39 
Percent Asian,Hegewisch,  - ,  - ,  - ,  - ,  0 ,,  0 ,  0 ,  1 ,  0 ,  0 ,  0 ,  - ,  - ,  - 
Total,Garfield Ridge,"  6,050 ","  6,813 ","  12,900 ","  40,449 ","  42,998 ","  37,935 ","  33,948 ","  36,101 ","  34,513 ","  33,940 ","  34,709 ","  34,743 ","  35,632 ","  35,542 ","36,452"
Asian,Garfield Ridge,,,,,  140 ,    ,  382 ,  328 ,  346 ,  633 ,  605 ,  512 ,  422 ,  311 ,360
Black or African-American,Garfield Ridge, - ,  1 ,  1 ,"  2,686 ","  3,508 ","  5,084 ","  4,337 ","  4,419 ","  2,040 ","  1,964 ","  1,793 ","  1,461 ","  1,462 ","  1,431 ","1,602"
Persons of Spanish Language*,Garfield Ridge,,,,,  971 ,"  1,566 ","  2,509 ","  5,948 ","  13,515 ","  13,184 ","  14,368 ","  15,297 ","  16,618 ","  17,270 ","17,892"
White,Garfield Ridge,"  6,018 ","  6,812 ","  12,899 ","  37,675 ","  39,269 ","  30,821 ","  26,681 ","  24,878 ","  18,372 ","  17,958 ","  17,704 ","  17,169 ","  16,852 ","  16,214 ","16,275"
Percent Black,Garfield Ridge,,  0 ,  0 ,  7 ,  8 ,  13 ,  13 ,  12 ,  6 ,  6 ,  5 ,  4 ,  4 ,  4 ,  4 
Percent Hispanic,Garfield Ridge,  - ,  - ,  - ,  - ,  2 ,  4 ,  7 ,  16 ,  39 ,  39 ,  41 ,  44 ,  47 ,  49 ,  49 
Percent White,Garfield Ridge,  99 ,  100 ,  100 ,  93 ,  91 ,  81 ,  79 ,  69 ,  53 ,  53 ,  51 ,  49 ,  47 ,  46 ,  45 
Percent Asian,Garfield Ridge,  - ,  - ,  - ,  - ,  0 ,,  1 ,  1 ,  1 ,  2 ,  2 ,  1 ,  1 ,  1 ,  1 
Archer Heights,Archer Heights,,,,,,,,,,,,,,,
Total,Archer Heights,"  8,120 ","  8,216 ","  8,675 ","  10,584 ","  11,134 ","  9,708 ","  9,227 ","  12,644 ","  13,393 ","  13,434 ","  14,132 ","  13,998 ","  13,293 ","  13,259 ","13,169"
Asian,Archer Heights,,,,,  13 ,    ,  49 ,  48 ,  138 ,  212 ,  204 ,  333 ,  391 ,  441 ,583
Black or African-American,Archer Heights,  6 ,  1 ,  6 ,  1 ,  1 ,  8 ,  2 ,  74 ,  130 ,  212 ,  207 ,  111 ,  116 ,  79 ,115
Persons of Spanish Language*,Archer Heights,,,,,  178 ,  354 ,  779 ,"  5,485 ","  10,182 ","  9,932 ","  10,724 ","  10,585 ","  10,126 ","  10,197 ","10,201"
White,Archer Heights,"  8,075 ","  8,215 ","  8,667 ","  10,583 ","  11,097 ","  9,225 ","  8,388 ","  6,752 ","  2,874 ","  3,002 ","  2,913 ","  2,890 ","  2,578 ","  2,482 ","2,218"
Percent Black,Archer Heights,  0 ,  0 ,  0 ,  0 ,  0 ,  0 ,  0 ,  1 ,  1 ,  2 ,  1 ,  1 ,  1 ,  1 ,  1 
Percent Hispanic,Archer Heights,  - ,  - ,  - ,  - ,  2 ,  4 ,  8 ,  43 ,  76 ,  74 ,  76 ,  76 ,  76 ,  77 ,  77 
Percent White,Archer Heights,  99 ,  100 ,  100 ,  100 ,  100 ,  95 ,  91 ,  53 ,  21 ,  22 ,  21 ,  21 ,  19 ,  19 ,  17 
Percent Asian,Archer Heights,  - ,  - ,  - ,  - ,  0 ,,  1 ,  0 ,  1 ,  2 ,  1 ,  2 ,  3 ,  3 ,  4 
Total,Brighton Park,"  46,552 ","  45,030 ","  41,345 ","  38,019 ","  35,618 ","  30,770 ","  32,207 ","  44,912 ","  45,368 ","  44,148 ","  43,567 ","  44,130 ","  44,202 ","  44,231 ","44,813"
Asian,Brighton Park,,,,,  99 ,    ,  611 ,"  1,288 ","  2,252 ","  2,718 ","  3,108 ","  3,032 ","  2,955 ","  3,253 ","3,623"
Black or African-American,Brighton Park,  41 ,  34 ,  49 ,  36 ,  34 ,  33 ,  17 ,  221 ,  542 ,  568 ,  744 ,  577 ,  677 ,  453 ,433
Persons of Spanish Language*,Brighton Park,,,,,"  2,329 ","  4,539 ","  12,044 ","  34,409 ","  38,693 ","  37,203 ","  36,267 ","  37,509 ","  37,620 ","  37,468 ","37,301"
White,Brighton Park,"  46,065 ","  44,995 ","  41,290 ","  37,948 ","  35,376 ","  25,545 ","  19,431 ","  8,300 ","  3,682 ","  3,625 ","  3,425 ","  2,950 ","  2,844 ","  2,798 ","3,160"
Percent Black,Brighton Park,  0 ,  0 ,  0 ,  0 ,  0 ,  0 ,  0 ,  0 ,  1 ,  1 ,  2 ,  1 ,  2 ,  1 ,  1 
Percent Hispanic,Brighton Park,  - ,  - ,  - ,  - ,  7 ,  15 ,  37 ,  77 ,  85 ,  84 ,  83 ,  85 ,  85 ,  85 ,  83 
Percent White,Brighton Park,  99 ,  100 ,  100 ,  100 ,  99 ,  83 ,  60 ,  18 ,  8 ,  8 ,  8 ,  7 ,  6 ,  6 ,  7 
Percent Asian,Brighton Park,  - ,  - ,  - ,  - ,  0 ,,  2 ,  3 ,  5 ,  6 ,  7 ,  7 ,  7 ,  7 ,  8 
Total,McKinley Park,"  22,032 ","  20,429 ","  18,813 ","  16,908 ","  15,632 ","  13,248 ","  13,297 ","  15,962 ","  15,612 ","  16,434 ","  16,538 ","  16,449 ","  16,336 ","  16,064 ","15,767"
Asian,McKinley Park,,,,,  17 ,    ,  319 ,"  1,212 ","  2,445 ","  2,641 ","  2,852 ","  3,185 ","  3,136 ","  2,918 ","3,106"
Black or African-American,McKinley Park,  3 ,  1 ,  7 ,  - ,  4 ,  5 ,  10 ,  116 ,  234 ,  489 ,  473 ,  446 ,  507 ,  145 ,164
Persons of Spanish Language*,McKinley Park,,,,,  970 ,"  2,129 ","  5,255 ","  9,819 ","  10,111 ","  10,192 ","  10,026 ","  9,487 ","  9,612 ","  10,095 ","9,550"
White,McKinley Park,"  22,020 ","  20,423 ","  18,802 ","  16,885 ","  15,572 ","  11,007 ","  7,665 ","  4,607 ","  2,667 ","  2,978 ","  2,987 ","  3,104 ","  2,802 ","  2,660 ","2,667"
Percent Black,McKinley Park,  0 ,  0 ,  0 ,  - ,  0 ,  0 ,  0 ,  1 ,  1 ,  3 ,  3 ,  3 ,  3 ,  1 ,  1 
Percent Hispanic,McKinley Park,  - ,  - ,  - ,  - ,  6 ,  16 ,  40 ,  62 ,  65 ,  62 ,  61 ,  58 ,  59 ,  63 ,  61 
Percent White,McKinley Park,  100 ,  100 ,  100 ,  100 ,  100 ,  83 ,  58 ,  29 ,  17 ,  18 ,  18 ,  19 ,  17 ,  17 ,  17 
Percent Asian,McKinley Park,  - ,  - ,  - ,  - ,  0 ,,  2 ,  8 ,  16 ,  16 ,  17 ,  19 ,  19 ,  18 ,  20 
Total,Bridgeport,"  53,553 ","  49,109 ","  46,070 ","  41,560 ","  35,167 ","  30,923 ","  29,877 ","  33,694 ","  31,977 ","  32,430 ","  32,639 ","  31,939 ","  33,939 ","  32,853 ","33,696"
Asian,Bridgeport,,,,,  86 ,    ,"  4,925 ","  8,808 ","  11,038 ","  10,772 ","  11,424 ","  10,868 ","  11,726 ","  12,214 ","13,156"
Black or African-American,Bridgeport,  1 ,  6 ,  23 ,  65 ,  45 ,  34 ,  38 ,  354 ,  672 ,  635 ,  753 ,  874 ,  951 ,  863 ,848
Persons of Spanish Language*,Bridgeport,,,,,"  4,418 ","  6,584 ","  7,796 ","  10,165 ","  8,627 ","  9,264 ","  8,989 ","  8,941 ","  9,558 ","  8,175 ","8,073"
White,Bridgeport,"  53,051 ","  49,098 ","  46,032 ","  41,436 ","  34,656 ","  23,540 ","  17,000 ","  13,819 ","  11,225 ","  10,761 ","  10,584 ","  10,437 ","  10,842 ","  10,982 ","11,340"
Percent Black,Bridgeport,  0 ,  0 ,  0 ,  0 ,  0 ,  0 ,  0 ,  1 ,  2 ,  2 ,  2 ,  3 ,  3 ,  3 ,  3 
Percent Hispanic,Bridgeport,  - ,  - ,  - ,  - ,  13 ,  21 ,  26 ,  30 ,  27 ,  29 ,  28 ,  28 ,  28 ,  25 ,  24 
Percent White,Bridgeport,  99 ,  100 ,  100 ,  100 ,  99 ,  76 ,  57 ,  41 ,  35 ,  33 ,  32 ,  33 ,  32 ,  33 ,  34 
Percent Asian,Bridgeport,  - ,  - ,  - ,  - ,  0 ,,  16 ,  26 ,  35 ,  33 ,  35 ,  34 ,  35 ,  37 ,  39 
Total,New City,"  87,103 ","  80,725 ","  75,917 ","  67,428 ","  60,817 ","  55,860 ","  53,226 ","  51,721 ","  44,377 ","  42,107 ","  41,758 ","  41,598 ","  41,083 ","  41,178 ","39,646"
Asian,New City,,,,,  151 ,    ,  119 ,  146 ,  727 ,  563 ,  819 ,  927 ,  815 ,  993 ,"1,043"
Black or African-American,New City,  79 ,  68 ,  112 ,  166 ,"  2,152 ","  12,117 ","  21,568 ","  18,252 ","  13,148 ","  12,647 ","  11,974 ","  11,222 ","  9,832 ","  9,495 ","8,843"
Persons of Spanish Language*,New City,,,,,"  7,811 ","  19,945 ","  20,906 ","  25,948 ","  25,431 ","  22,513 ","  22,442 ","  23,536 ","  24,990 ","  25,278 ","24,548"
White,New City,"  84,866 ","  80,634 ","  75,776 ","  67,172 ","  58,121 ","  23,090 ","  10,449 ","  6,789 ","  4,697 ","  5,783 ","  6,151 ","  5,473 ","  5,094 ","  5,010 ","4,899"
Percent Black,New City,  0 ,  0 ,  0 ,  0 ,  4 ,  22 ,  41 ,  35 ,  30 ,  30 ,  29 ,  27 ,  24 ,  23 ,  22 
Percent Hispanic,New City,  - ,  - ,  - ,  - ,  13 ,  36 ,  39 ,  50 ,  57 ,  53 ,  54 ,  57 ,  61 ,  61 ,  62 
Percent White,New City,  97 ,  100 ,  100 ,  100 ,  96 ,  41 ,  20 ,  13 ,  11 ,  14 ,  15 ,  13 ,  12 ,  12 ,  12 
Percent Asian,New City,  - ,  - ,  - ,  - ,  0 ,,  0 ,  0 ,  2 ,  1 ,  2 ,  2 ,  2 ,  2 ,  3 
Total,West Elston,"  2,861 ","  3,255 ","  7,728 ","  14,215 ","  14,059 ","  12,797 ","  12,266 ","  15,921 ","  18,109 ","  18,980 ","  19,517 ","  19,165 ","  19,192 ","  19,932 ","19,210"
Asian,West Elston,,,,,  12 ,    ,  62 ,  136 ,  222 ,  322 ,  284 ,  257 ,  303 ,  308 ,378
Black or African-American,West Elston, - , - ,  4 ,  - ,  5 ,  7 ,  4 ,  74 ,  255 ,  405 ,  266 ,  133 ,  262 ,  213 ,266
Persons of Spanish Language*,West Elston,,,,,  283 ,  297 ,"  1,135 ","  7,875 ","  14,314 ","  14,811 ","  15,402 ","  15,354 ","  15,385 ","  16,566 ","15,820"
White,West Elston,"  2,807 ","  3,255 ","  7,721 ","  14,210 ","  14,022 ","  12,389 ","  11,055 ","  7,461 ","  3,250 ","  3,370 ","  3,529 ","  3,397 ","  3,235 ","  2,840 ","2,722"
Percent Black,West Elston,,,  0 ,  - ,  0 ,  0 ,  0 ,  0 ,  1 ,  2 ,  1 ,  1 ,  1 ,  1 ,  1 
Percent Hispanic,West Elston,  - ,  - ,  - ,  - ,  2 ,  2 ,  9 ,  49 ,  79 ,  78 ,  79 ,  80 ,  80 ,  83 ,  82 
Percent White,West Elston,  98 ,  100 ,  100 ,  100 ,  100 ,  97 ,  90 ,  47 ,  18 ,  18 ,  18 ,  18 ,  17 ,  14 ,  14 
Percent Asian,West Elston,  - ,  - ,  - ,  - ,  0 ,,  1 ,  1 ,  1 ,  2 ,  1 ,  1 ,  2 ,  2 ,  2 
Total,Gage Park,"  31,535 ","  30,343 ","  30,149 ","  28,244 ","  26,698 ","  24,445 ","  26,957 ","  39,193 ","  39,894 ","  39,492 ","  39,580 ","  40,381 ","  41,202 ","  40,926 ","40,873"
Asian,Gage Park,,,,,  16 ,    ,  205 ,  161 ,  121 ,  400 ,  365 ,  333 ,  350 ,  191 ,193
Black or African-American,Gage Park, - ,  1 ,  6 ,  2 ,  1 ,  163 ,"  1,292 ","  2,743 ","  2,161 ","  1,745 ","  1,545 ","  1,336 ","  1,342 ","  1,352 ","1,448"
Persons of Spanish Language*,Gage Park,,,,,  376 ,"  2,701 ","  10,574 ","  31,079 ","  35,589 ","  35,456 ","  35,998 ","  37,260 ","  38,009 ","  37,904 ","37,659"
White,Gage Park,"  31,529 ","  30,335 ","  30,132 ","  28,222 ","  26,629 ","  21,212 ","  14,819 ","  4,811 ","  1,892 ","  1,872 ","  1,627 ","  1,421 ","  1,460 ","  1,432 ","1,532"
Percent Black,Gage Park,,  0 ,  0 ,  0 ,  0 ,  1 ,  5 ,  7 ,  5 ,  4 ,  4 ,  3 ,  3 ,  3 ,  4 
Percent Hispanic,Gage Park,  - ,  - ,  - ,  - ,  1 ,  11 ,  39 ,  79 ,  89 ,  90 ,  91 ,  92 ,  92 ,  93 ,  92 
Percent White,Gage Park,  100 ,  100 ,  100 ,  100 ,  100 ,  87 ,  55 ,  12 ,  5 ,  5 ,  4 ,  4 ,  4 ,  3 ,  4 
Percent Asian,Gage Park,  - ,  - ,  - ,  - ,  0 ,,  1 ,  0 ,  0 ,  1 ,  1 ,  1 ,  1 ,  0 ,  0 
Total,Clearing,"  5,434 ","  6,068 ","  10,591 ","  18,797 ","  24,488 ","  22,584 ","  21,490 ","  22,331 ","  23,139 ","  22,716 ","  23,399 ","  24,452 ","  24,962 ","  25,200 ","25,891"
Asian,Clearing,,,,,  32 ,    ,  119 ,  152 ,  212 ,  184 ,  300 ,  345 ,  319 ,  361 ,184
Black or African-American,Clearing, - ,  6 ,  1 ,  2 ,  1 ,  5 ,  9 ,  137 ,  282 ,  121 ,  147 ,  167 ,  140 ,  340 ,400
Persons of Spanish Language*,Clearing,,,,,  671 ,  916 ,"  1,615 ","  4,688 ","  10,484 ","  10,460 ","  10,554 ","  12,005 ","  12,361 ","  12,527 ","13,698"
White,Clearing,"  5,417 ","  6,060 ","  10,582 ","  18,777 ","  24,409 ","  21,550 ","  19,712 ","  17,047 ","  11,921 ","  11,775 ","  12,250 ","  11,776 ","  11,871 ","  11,672 ","11,176"
Percent Black,Clearing,,  0 ,  0 ,  0 ,  0 ,  0 ,  0 ,  1 ,  1 ,  1 ,  1 ,  1 ,  1 ,  1 ,  2 
Percent Hispanic,Clearing,  - ,  - ,  - ,  - ,  3 ,  4 ,  8 ,  21 ,  45 ,  46 ,  45 ,  49 ,  50 ,  50 ,  53 
Percent White,Clearing,  100 ,  100 ,  100 ,  100 ,  100 ,  95 ,  92 ,  76 ,  52 ,  52 ,  52 ,  48 ,  48 ,  46 ,  43 
Percent Asian,Clearing,  - ,  - ,  - ,  - ,  0 ,,  1 ,  1 ,  1 ,  1 ,  1 ,  1 ,  1 ,  1 ,  1 
Total,West Lawn,"  8,919 ","  10,289 ","  14,460 ","  26,910 ","  18,597 ","  24,748 ","  23,402 ","  29,235 ","  33,355 ","  32,950 ","  33,199 ","  33,477 ","  32,749 ","  33,595 ","33,108"
Asian,West Lawn,,,,,  51 ,    ,  173 ,  272 ,  210 ,  95 ,  108 ,  143 ,  178 ,  193 ,185
Black or African-American,West Lawn,  3 ,  5 ,  12 ,  5 ,  10 ,  52 ,  58 ,  760 ,"  1,390 ","  1,041 ","  1,097 ",  932 ,"  1,067 ","  1,154 ","1,152"
Persons of Spanish Language*,West Lawn,,,,,  144 ,  599 ,"  2,519 ","  15,179 ","  26,669 ","  26,078 ","  26,576 ","  26,926 ","  26,395 ","  27,169 ","26,666"
White,West Lawn,"  8,916 ","  10,284 ","  14,441 ","  26,893 ","  18,506 ","  23,917 ","  20,617 ","  12,540 ","  4,924 ","  5,514 ","  5,306 ","  5,350 ","  4,989 ","  5,008 ","5,033"
Percent Black,West Lawn,  0 ,  0 ,  0 ,  0 ,  0 ,  0 ,  0 ,  3 ,  4 ,  3 ,  3 ,  3 ,  3 ,  3 ,  3 
Percent Hispanic,West Lawn,  - ,  - ,  - ,  - ,  1 ,  2 ,  11 ,  52 ,  80 ,  79 ,  80 ,  80 ,  81 ,  81 ,  81 
Percent White,West Lawn,  100 ,  100 ,  100 ,  100 ,  100 ,  97 ,  88 ,  43 ,  15 ,  17 ,  16 ,  16 ,  15 ,  15 ,  15 
Percent Asian,West Lawn,  - ,  - ,  - ,  - ,  0 ,,  1 ,  1 ,  1 ,  0 ,  0 ,  0 ,  1 ,  1 ,  1 
Total,Chicago Lawn,"  47,462 ","  49,291 ","  50,211 ","  51,347 ","  48,435 ","  46,568 ","  51,243 ","  61,412 ","  55,628 ","  54,807 ","  55,598 ","  56,293 ","  55,551 ","  54,265 ","53,098"
Asian,Chicago Lawn,,,,,  91 ,    ,  851 ,  393 ,  190 ,  439 ,  448 ,  421 ,  529 ,  304 ,227
Black or African-American,Chicago Lawn,  6 ,  6 ,  18 ,  3 ,  10 ,"  4,762 ","  13,404 ","  32,240 ","  27,403 ","  29,311 ","  28,451 ","  27,974 ","  26,100 ","  25,023 ","23,801"
Persons of Spanish Language*,Chicago Lawn,,,,,  522 ,"  4,940 ","  14,549 ","  21,534 ","  25,141 ","  22,881 ","  24,409 ","  25,583 ","  26,377 ","  26,109 ","26,322"
White,Chicago Lawn,"  47,441 ","  49,282 ","  50,187 ","  51,294 ","  48,242 ","  35,698 ","  22,216 ","  6,190 ","  2,419 ","  1,900 ","  1,934 ","  1,854 ","  1,873 ","  1,973 ","1,878"
Percent Black,Chicago Lawn,  0 ,  0 ,  0 ,  0 ,  0 ,  10 ,  26 ,  52 ,  49 ,  53 ,  51 ,  50 ,  47 ,  46 ,  45 
Percent Hispanic,Chicago Lawn,  - ,  - ,  - ,  - ,  1 ,  11 ,  28 ,  35 ,  45 ,  42 ,  44 ,  45 ,  47 ,  48 ,  50 
Percent White,Chicago Lawn,  100 ,  100 ,  100 ,  100 ,  100 ,  77 ,  43 ,  10 ,  4 ,  3 ,  3 ,  3 ,  3 ,  4 ,  4 
Percent Asian,Chicago Lawn,  - ,  - ,  - ,  - ,  0 ,,  2 ,  1 ,  0 ,  1 ,  1 ,  1 ,  1 ,  1 ,  0 
Total,West Englewood,"  63,845 ","  64,171 ","  62,842 ","  58,516 ","  61,910 ","  62,069 ","  52,772 ","  45,282 ","  35,505 ","  35,294 ","  34,632 ","  34,272 ","  32,156 ","  30,798 ","29,929"
Asian,West Englewood,,,,,  132 ,    ,  48 ,  29 ,  19 ,  41 ,  40 ,  11 ,  19 ,  6 ,4
Black or African-American,West Englewood,"  1,967 ","  2,479 ","  3,756 ","  6,842 ","  29,917 ","  60,546 ","  51,750 ","  44,271 ","  34,178 ","  33,477 ","  32,827 ","  32,203 ","  29,955 ","  28,249 ","27,304"
Persons of Spanish Language*,West Englewood,,,,,"  1,977 ",  686 ,  331 ,  459 ,  774 ,  904 ,  985 ,"  1,297 ","  1,563 ","  1,890 ","1,918"
White,West Englewood,"  61,854 ","  61,666 ","  59,045 ","  51,583 ","  31,622 ",  716 ,  578 ,  164 ,  130 ,  429 ,  358 ,  258 ,  235 ,  244 ,289
Percent Black,West Englewood,  3 ,  4 ,  6 ,  12 ,  48 ,  98 ,  98 ,  98 ,  96 ,  95 ,  95 ,  94 ,  93 ,  92 ,  91 
Percent Hispanic,West Englewood,  - ,  - ,  - ,  - ,  3 ,  1 ,  1 ,  1 ,  2 ,  3 ,  3 ,  4 ,  5 ,  6 ,  6 
Percent White,West Englewood,  97 ,  96 ,  94 ,  88 ,  51 ,  1 ,  1 ,  0 ,  0 ,  1 ,  1 ,  1 ,  1 ,  1 ,  1 
Percent Asian,West Englewood,  - ,  - ,  - ,  - ,  0 ,,  0 ,  0 ,  0 ,  0 ,  0 ,  0 ,  0 ,  0 ,  0 
Total,Englewood,"  89,063 ","  92,849 ","  94,134 ","  97,595 ","  89,713 ","  59,075 ","  48,434 ","  40,222 ","  30,654 ","  28,824 ","  28,361 ","  27,297 ","  26,121 ","  26,020 ","25,075"
Asian,Englewood,,,,,  111 ,    ,  66 ,  27 ,  34 ,  13 ,  22 ,  73 ,  76 ,  62 ,68
Black or African-American,Englewood,"  1,126 ","  2,008 ","  9,857 ","  67,216 ","  86,503 ","  58,037 ","  47,870 ","  39,352 ","  29,847 ","  28,076 ","  27,426 ","  26,054 ","  24,810 ","  24,690 ","23,711"
Persons of Spanish Language*,Englewood,,,,,"  1,740 ",  497 ,  231 ,  347 ,  325 ,  275 ,  308 ,  543 ,  682 ,  756 ,843
White,Englewood,"  87,873 ","  90,799 ","  84,167 ","  30,107 ","  2,696 ",  336 ,  190 ,  178 ,  105 ,  170 ,  188 ,  226 ,  199 ,  204 ,181
Percent Black,Englewood,  1 ,  2 ,  10 ,  69 ,  96 ,  98 ,  99 ,  98 ,  97 ,  97 ,  97 ,  95 ,  95 ,  95 ,  95 
Percent Hispanic,Englewood,  - ,  - ,  - ,  - ,  2 ,  1 ,  0 ,  1 ,  1 ,  1 ,  1 ,  2 ,  3 ,  3 ,  3 
Percent White,Englewood,  99 ,  98 ,  89 ,  31 ,  3 ,  1 ,  0 ,  0 ,  0 ,  1 ,  1 ,  1 ,  1 ,  1 ,  1 
Percent Asian,Englewood,  - ,  - ,  - ,  - ,  0 ,,  0 ,  0 ,  0 ,  0 ,  0 ,  0 ,  0 ,  0 ,  0 
Total,Greater Grand Crossing,"  60,007 ","  61,554 ","  61,753 ","  63,169 ","  54,414 ","  45,218 ","  38,644 ","  38,619 ","  32,602 ","  32,873 ","  32,804 ","  32,849 ","  32,346 ","  32,461 ","31,766"
Asian,Greater Grand Crossing,,,,,  64 ,    ,  21 ,  26 ,  21 ,  25 ,  37 ,  20 ,  22 ,  5 ,4
Black or African-American,Greater Grand Crossing,  254 ,  276 ,"  3,575 ","  54,257 ","  53,374 ","  44,466 ","  38,217 ","  37,779 ","  31,590 ","  31,659 ","  31,348 ","  31,332 ","  31,077 ","  31,301 ","30,556"
Persons of Spanish Language*,Greater Grand Crossing,,,,,  501 ,  266 ,  189 ,  276 ,  388 ,  451 ,  577 ,  602 ,  358 ,  387 ,450
White,Greater Grand Crossing,"  59,667 ","  61,257 ","  58,108 ","  8,687 ",  791 ,  271 ,  170 ,  146 ,  180 ,  324 ,  392 ,  419 ,  466 ,  431 ,393
Percent Black,Greater Grand Crossing,  0 ,  0 ,  6 ,  86 ,  98 ,  98 ,  99 ,  98 ,  97 ,  96 ,  96 ,  95 ,  96 ,  96 ,  96 
Percent Hispanic,Greater Grand Crossing,  - ,  - ,  - ,  - ,  1 ,  1 ,  0 ,  1 ,  1 ,  1 ,  2 ,  2 ,  1 ,  1 ,  1 
Percent White,Greater Grand Crossing,  99 ,  100 ,  94 ,  14 ,  1 ,  1 ,  0 ,  0 ,  1 ,  1 ,  1 ,  1 ,  1 ,  1 ,  1 
Percent Asian,Greater Grand Crossing,  - ,  - ,  - ,  - ,  0 ,,  0 ,  0 ,  0 ,  0 ,  0 ,  0 ,  0 ,  0 ,  0 
Total,Ashburn,  733 ,  731 ,"  7,472 ","  38,638 ","  47,161 ","  40,477 ","  37,092 ","  39,584 ","  41,081 ","  42,788 ","  42,821 ","  42,809 ","  42,752 ","  43,283 ","43,792"
Asian,Ashburn,,,,,  73 ,    ,  358 ,  408 ,  276 ,  121 ,  156 ,  195 ,  284 ,  314 ,315
Black or African-American,Ashburn, - , - ,  390 ,  1 ,  503 ,"  1,082 ","  3,697 ","  17,045 ","  18,976 ","  22,047 ","  20,940 ","  20,584 ","  20,817 ","  20,721 ","20,837"
Persons of Spanish Language*,Ashburn,,,,,  578 ,  905 ,"  2,331 ","  6,674 ","  15,132 ","  13,148 ","  14,699 ","  15,384 ","  15,455 ","  16,374 ","16,924"
White,Ashburn,  677 ,  731 ,"  7,071 ","  38,604 ","  46,543 ","  38,026 ","  30,656 ","  14,546 ","  6,251 ","  7,152 ","  6,814 ","  6,232 ","  5,555 ","  5,044 ","4,745"
Percent Black,Ashburn,,,  5 ,  0 ,  1 ,  3 ,  10 ,  43 ,  46 ,  52 ,  49 ,  48 ,  49 ,  48 ,  48 
Percent Hispanic,Ashburn,  - ,  - ,  - ,  - ,  1 ,  2 ,  6 ,  17 ,  37 ,  31 ,  34 ,  36 ,  36 ,  38 ,  39 
Percent White,Ashburn,  92 ,  100 ,  95 ,  100 ,  99 ,  94 ,  83 ,  37 ,  15 ,  17 ,  16 ,  15 ,  13 ,  12 ,  11 
Percent Asian,Ashburn,  - ,  - ,  - ,  - ,  0 ,,  1 ,  1 ,  1 ,  0 ,  0 ,  0 ,  1 ,  1 ,  1 
Total,Auburn Gresham,"  57,381 ","  57,293 ","  60,978 ","  59,484 ","  68,854 ","  65,132 ","  59,808 ","  55,928 ","  48,743 ","  49,634 ","  48,934 ","  47,611 ","  45,842 ","  45,770 ","46,278"
Asian,Auburn Gresham,,,,,  64 ,    ,  28 ,  45 ,  33 ,  77 ,  118 ,  126 ,  126 ,  153 ,143
Black or African-American,Auburn Gresham,  17 ,  13 ,  18 ,  91 ,"  47,312 ","  63,708 ","  59,172 ","  54,862 ","  47,661 ","  48,680 ","  47,594 ","  46,204 ","  44,402 ","  44,267 ","44,435"
Persons of Spanish Language*,Auburn Gresham,,,,,  909 ,  463 ,  204 ,  347 ,  459 ,  484 ,  653 ,  672 ,  689 ,  614 ,862
White,Auburn Gresham,"  57,343 ","  57,271 ","  60,946 ","  59,346 ","  21,278 ",  738 ,  350 ,  237 ,  134 ,  135 ,  127 ,  175 ,  231 ,  257 ,324
Percent Black,Auburn Gresham,  0 ,  0 ,  0 ,  0 ,  69 ,  98 ,  99 ,  98 ,  98 ,  98 ,  97 ,  97 ,  97 ,  97 ,  96 
Percent Hispanic,Auburn Gresham,  - ,  - ,  - ,  - ,  1 ,  1 ,  0 ,  1 ,  1 ,  1 ,  1 ,  1 ,  2 ,  1 ,  2 
Percent White,Auburn Gresham,  100 ,  100 ,  100 ,  100 ,  31 ,  1 ,  1 ,  0 ,  0 ,  0 ,  0 ,  0 ,  1 ,  1 ,  1 
Percent Asian,Auburn Gresham,  - ,  - ,  - ,  - ,  0 ,,  0 ,  0 ,  0 ,  0 ,  0 ,  0 ,  0 ,  0 ,  0 
Total,Beverly,"  13,793 ","  15,910 ","  20,186 ","  24,814 ","  26,771 ","  23,360 ","  22,385 ","  21,992 ","  20,034 ","  21,226 ","  21,762 ","  21,002 ","  20,815 ","  20,836 ","20,822"
Asian,Beverly,,,,,  78 ,    ,  114 ,  121 ,  112 ,  61 ,  47 ,  83 ,  101 ,  89 ,163
Black or African-American,Beverly,  50 ,  67 ,  16 ,  14 ,  30 ,"  3,151 ","  5,369 ","  7,006 ","  6,838 ","  7,366 ","  7,792 ","  7,601 ","  7,257 ","  7,047 ","7,031"
Persons of Spanish Language*,Beverly,,,,,  122 ,  308 ,  393 ,  643 ,  915 ,"  1,092 ","  1,304 ","  1,169 ","  1,414 ","  1,200 ","1,095"
White,Beverly,"  13,740 ","  15,841 ","  20,165 ","  24,791 ","  26,653 ","  19,749 ","  16,451 ","  13,814 ","  11,785 ","  12,358 ","  12,157 ","  11,761 ","  11,604 ","  12,043 ","12,012"
Percent Black,Beverly,  0 ,  0 ,  0 ,  0 ,  0 ,  13 ,  24 ,  32 ,  34 ,  35 ,  36 ,  36 ,  35 ,  34 ,  34 
Percent Hispanic,Beverly,  - ,  - ,  - ,  - ,  0 ,  1 ,  2 ,  3 ,  5 ,  5 ,  6 ,  6 ,  7 ,  6 ,  5 
Percent White,Beverly,  100 ,  100 ,  100 ,  100 ,  100 ,  85 ,  73 ,  63 ,  59 ,  58 ,  56 ,  56 ,  56 ,  58 ,  58 
Percent Asian,Beverly,  - ,  - ,  - ,  - ,  0 ,,  1 ,  1 ,  1 ,  0 ,  0 ,  0 ,  0 ,  0 ,  1 
Total,Washington Heights,"  17,865 ","  19,370 ","  24,488 ","  29,793 ","  36,540 ","  36,453 ","  32,114 ","  29,843 ","  26,493 ","  26,021 ","  26,241 ","  26,435 ","  27,116 ","  27,055 ","27,453"
Asian,Washington Heights,,,,,  82 ,    ,  20 ,  9 ,  12 ,  2 ,  1 ,  1 ,  -   ,  8 ,8
Black or African-American,Washington Heights,  33 ,  49 ,  44 ,"  3,711 ","  27,307 ","  35,644 ","  31,621 ","  29,108 ","  25,793 ","  25,390 ","  25,267 ","  25,394 ","  25,968 ","  25,981 ","26,293"
Persons of Spanish Language*,Washington Heights,,,,,  570 ,  177 ,  140 ,  231 ,  258 ,  189 ,  290 ,  359 ,  287 ,  324 ,215
White,Washington Heights,"  17,790 ","  19,319 ","  24,427 ","  26,017 ","  9,078 ",  518 ,  293 ,  193 ,  121 ,  257 ,  248 ,  198 ,  351 ,  170 ,183
Percent Black,Washington Heights,  0 ,  0 ,  0 ,  12 ,  75 ,  98 ,  98 ,  98 ,  97 ,  98 ,  96 ,  96 ,  96 ,  96 ,  96 
Percent Hispanic,Washington Heights,  - ,  - ,  - ,  - ,  2 ,  0 ,  0 ,  1 ,  1 ,  1 ,  1 ,  1 ,  1 ,  1 ,  1 
Percent White,Washington Heights,  100 ,  100 ,  100 ,  87 ,  25 ,  1 ,  1 ,  1 ,  0 ,  1 ,  1 ,  1 ,  1 ,  1 ,  1 
Percent Asian,Washington Heights,  - ,  - ,  - ,  - ,  0 ,,  0 ,  0 ,  0 ,  0 ,  0 ,  0 ,  - ,  0 ,  0 
Total,Mount Greenwood,"  3,310 ","  4,390 ","  12,331 ","  21,941 ","  23,186 ","  20,084 ","  19,179 ","  18,820 ","  19,093 ","  18,475 ","  18,397 ","  18,357 ","  18,783 ","  19,029 ","19,277"
Asian,Mount Greenwood,,,,,  20 ,    ,  70 ,  61 ,  126 ,  169 ,  169 ,  410 ,  383 ,  368 ,433
Black or African-American,Mount Greenwood, - , - ,  3 ,  4 ,  22 ,  92 ,  247 ,  672 ,  987 ,  937 ,  827 ,  826 ,  664 ,  589 ,629
Persons of Spanish Language*,Mount Greenwood,,,,,  57 ,  154 ,  362 ,  723 ,"  1,382 ",  937 ,"  1,120 ","  1,040 ","  1,205 ","  2,090 ","1,652"
White,Mount Greenwood,"  3,310 ","  4,389 ","  12,328 ","  21,918 ","  23,141 ","  19,767 ","  18,473 ","  17,127 ","  16,413 ","  16,318 ","  16,110 ","  15,870 ","  16,289 ","  15,730 ","16,330"
Percent Black,Mount Greenwood,,,  0 ,  0 ,  0 ,  0 ,  1 ,  4 ,  5 ,  5 ,  4 ,  4 ,  4 ,  3 ,  3 
Percent Hispanic,Mount Greenwood,  - ,  - ,  - ,  - ,  0 ,  1 ,  2 ,  4 ,  7 ,  5 ,  6 ,  6 ,  6 ,  11 ,  9 
Percent White,Mount Greenwood,  100 ,  100 ,  100 ,  100 ,  100 ,  98 ,  96 ,  91 ,  86 ,  88 ,  88 ,  86 ,  87 ,  83 ,  85 
Percent Asian,Mount Greenwood,  - ,  - ,  - ,  - ,  0 ,,  0 ,  0 ,  1 ,  1 ,  1 ,  2 ,  2 ,  2 ,  2 
Total,Morgan Park,"  12,747 ","  15,645 ","  22,618 ","  27,912 ","  31,016 ","  29,315 ","  26,740 ","  25,226 ","  22,544 ","  22,681 ","  23,568 ","  23,204 ","  22,908 ","  23,019 ","22,375"
Asian,Morgan Park,,,,,  51 ,    ,  82 ,  83 ,  92 ,  124 ,  103 ,  52 ,  54 ,  45 ,30
Black or African-American,Morgan Park,"  4,466 ","  6,185 ","  8,984 ","  9,797 ","  14,799 ","  18,226 ","  17,225 ","  16,816 ","  15,039 ","  14,511 ","  14,828 ","  15,131 ","  15,125 ","  15,252 ","14,710"
Persons of Spanish Language*,Morgan Park,,,,,  176 ,  280 ,  340 ,  533 ,  619 ,  519 ,  464 ,  623 ,  638 ,  805 ,841
White,Morgan Park,"  8,267 ","  9,451 ","  13,618 ","  18,082 ","  16,120 ","  10,661 ","  9,043 ","  7,510 ","  6,473 ","  7,175 ","  7,760 ","  6,925 ","  6,546 ","  6,313 ","6,195"
Percent Black,Morgan Park,  35 ,  40 ,  40 ,  35 ,  48 ,  62 ,  64 ,  67 ,  67 ,  64 ,  63 ,  65 ,  66 ,  66 ,  66 
Percent Hispanic,Morgan Park,  - ,  - ,  - ,  - ,  1 ,  1 ,  1 ,  2 ,  3 ,  2 ,  2 ,  3 ,  3 ,  3 ,  4 
Percent White,Morgan Park,  65 ,  60 ,  60 ,  65 ,  52 ,  36 ,  34 ,  30 ,  29 ,  32 ,  33 ,  30 ,  29 ,  27 ,  28 
Percent Asian,Morgan Park,  - ,  - ,  - ,  - ,  0 ,,  0 ,  0 ,  0 ,  1 ,  0 ,  0 ,  0 ,  0 ,  0 
Total,O'Hare,,,,,"  6,342 ","  11,068 ","  11,192 ","  11,956 ","  12,756 ","  13,687 ","  13,700 ","  14,143 ","  13,483 ","  12,902 ","12,139"
Asian,O'Hare,,,,,  71 ,    ,  307 ,  885 ,"  1,058 ","  1,158 ","  1,300 ","  1,359 ","  1,487 ","  1,407 ",969
Black or African-American,O'Hare,,,,,  11 ,  163 ,  312 ,  258 ,  403 ,  200 ,  175 ,  150 ,  104 ,  231 ,149
Persons of Spanish Language*,O'Hare,,,,,  140 ,  288 ,  519 ,  773 ,"  1,212 ","  1,878 ","  1,740 ","  1,675 ","  1,150 ","  1,127 ",780
White,O'Hare,,,,,"  6,250 ","  10,374 ","  10,037 ","  9,735 ","  9,845 ","  10,087 ","  10,080 ","  10,375 ","  10,130 ","  9,475 ","9,682"
Percent Black,O'Hare,,,,,  0 ,  1 ,  3 ,  2 ,  3 ,  1 ,  1 ,  1 ,  1 ,  2 ,  1 
Percent Hispanic,O'Hare,,,,,  2 ,  3 ,  5 ,  6 ,  10 ,  14 ,  13 ,  12 ,  9 ,  9 ,  6 
Percent White,O'Hare,,,,,  99 ,  94 ,  90 ,  81 ,  77 ,  74 ,  74 ,  73 ,  75 ,  73 ,  80 
Percent Asian,O'Hare,,,,,  1 ,,  3 ,  7 ,  8 ,  8 ,  9 ,  10 ,  11 ,  11 ,  8 
Total,Edgewater,"  53,938 ","  55,503 ","  54,606 ","  51,579 ","  61,598 ","  58,561 ","  60,703 ","  62,198 ","  56,521 ","  55,333 ","  55,548 ","  55,276 ","  54,873 ","  55,430 ","55,965"
Asian,Edgewater,,,,,"  2,580 ",    ,"  7,041 ","  7,172 ","  6,582 ","  6,733 ","  6,953 ","  6,482 ","  6,340 ","  6,430 ","6,579"
Black or African-American,Edgewater,  86 ,  111 ,  91 ,  53 ,  373 ,"  6,368 ","  11,643 ","  10,564 ","  8,104 ","  8,114 ","  7,390 ","  7,685 ","  7,853 ","  7,592 ","7,446"
Persons of Spanish Language*,Edgewater,,,,,"  4,859 ","  7,805 ","  10,567 ","  12,176 ","  9,318 ","  9,019 ","  9,455 ","  9,007 ","  8,918 ","  9,081 ","9,326"
White,Edgewater,"  53,772 ","  55,364 ","  54,332 ","  50,448 ","  57,836 ","  37,256 ","  31,070 ","  29,782 ","  30,889 ","  29,573 ","  29,695 ","  30,151 ","  29,912 ","  30,615 ","30,785"
Percent Black,Edgewater,  0 ,  0 ,  0 ,  0 ,  1 ,  11 ,  19 ,  17 ,  14 ,  15 ,  13 ,  14 ,  14 ,  14 ,  13 
Percent Hispanic,Edgewater,  - ,  - ,  - ,  - ,  8 ,  13 ,  17 ,  20 ,  16 ,  16 ,  17 ,  16 ,  16 ,  16 ,  17 
Percent White,Edgewater,  100 ,  100 ,  99 ,  98 ,  94 ,  64 ,  51 ,  48 ,  55 ,  53 ,  53 ,  55 ,  55 ,  55 ,  55 
Percent Asian,Edgewater,  - ,  - ,  - ,  - ,  4 ,,  12 ,  12 ,  12 ,  12 ,  13 ,  12 ,  12 ,  12 ,  12 
,,,,,,,,,,,,,,,,
,,,,,,,,,,,,,,,,
,,,,,,,,,,,,,,,,
,,,,,,,,,,,,,,,,
,,,,,,,,,,,,,,,,
,,,,,,,,,,,,,,,,
,,,,,,,,,,,,,,,,
,,,,,,,,,,,,,,,,
,,,,,,,,,,,,,,,,
,,,,,,,,,,,,,,,,
,,,,,,,,,,,,,,,,
,,,,,,,,,,,,,,,,
,,,,,,,,,,,,,,,,
,,,,,,,,,,,,,,,,
,,,,,,,,,,,,,,,,
,,,,,,,,,,,,,,,,
,,,,,,,,,,,,,,,,
,,,,,,,,,,,,,,,,
,,,,,,,,,,,,,,,,
,,,,,,,,,,,,,,,,
,,,,,,,,,,,,,,,,
,,,,,,,,,,,,,,,,
,,,,,,,,,,,,,,,,
,,,,,,,,,,,,,,,,
,,,,,,,,,,,,,,,,
,,,,,,,,,,,,,,,,
,,,,,,,,,,,,,,,,
FALSE,,,,,,,,,,,,,,,,